"time","add.y","airHeaterTextWithIO.T_Out_ext"
0,20.02796639912107,20
0.5,19.98339691052976,20.00073523872581
1,20.00411222987546,20.00145330473737
1.5,19.97027768626662,20.00215045460061
2,20.10216810763034,20.00283417409966
2.5,20.06629121322773,20.00350319479455
3,19.98106407993431,20.00417040642132
3.5,19.98996936573281,20.0074221383394
4,19.93928183760485,20.01180526056087
4.5,20.06996260460236,20.01678791665412
5,20.03389898019658,20.019940576925
5.5,20.04082038887378,20.01951465444585
6,20.02543924098457,20.02188001981694
6.5,20.0464437315695,20.02622903385534
7,20.12469783001639,20.03286382018943
7.5,20.12275776691302,20.03713427376443
8,20.00621134574993,20.03635981829853
8.5,19.99483229165339,20.03557831661753
9,20.0222892749932,20.03481330831941
9.5,19.95542226104606,20.03406464515203
10,20.11230234095699,20.03333188287416
10.5,20.02130463850149,20.03261556107603
11,20.01371969348643,20.03259157678365
11.5,20.14650416923334,20.03384127668901
12,20.13441236093236,20.03439939056583
12.5,19.98060900460173,20.03730858039445
13,19.97382250610471,20.04009726424552
13.5,19.95740744208214,20.03926952893782
14,20.09813826401306,20.0387912075233
14.5,20.04428602218821,20.03827769063512
15,20.01029442535411,20.03749023211091
15.5,19.97328526840918,20.03927773033734
16,20.08414866033229,20.04418085735978
16.5,19.93205618964634,20.05067782116586
17,20.00290441203155,20.0538359895333
17.5,20.09711489539064,20.05271427891675
18,20.03974988051822,20.05347939496874
18.5,19.95696304724346,20.05850194308379
19,20.089312744915,20.06149893834131
19.5,20.06659265449088,20.06754254309832
20,19.98670431576573,20.07695899272731
20.5,20.03453638926194,20.07886833908951
21,20.10608951292455,20.07943540971095
21.5,20.15854192009814,20.08751390410644
22,20.1604376157264,20.09335411708448
22.5,20.17359129874226,20.0937663223941
23,20.15325155001527,20.10132049132818
23.5,20.18333555495992,20.11171242803344
24,20.03148823534251,20.11515854388464
24.5,20.15276673837505,20.11337115745522
25,20.21992549097432,20.11095533807659
25.5,20.04547623716845,20.10856944069639
26,20.09792206154466,20.10623454056318
26.5,20.18828192065929,20.10395546416343
27,20.05924032257836,20.10497612384183
27.5,20.22934381370971,20.10585447992878
28,20.11691204822236,20.10358690402241
28.5,20.11226657201011,20.10277913037676
29,20.16108200470206,20.10181887411336
29.5,20.11332350975799,20.09964740269906
30,19.99167922346604,20.09752122914249
30.5,20.02448501937159,20.0954367390896
31,20.16592172734832,20.09339067476493
31.5,20.16930068301618,20.09138311351028
32,20.00811205392123,20.08941717797897
32.5,20.02187794563926,20.08750418545371
33,20.05909209017052,20.08896589613384
33.5,20.17092473776352,20.09157279831225
34,19.96763150792974,20.09087669363487
34.5,20.08406155786053,20.08893307493564
35,20.11423230346916,20.08894390355461
35.5,19.96486465065971,20.08977309513128
36,20.0294715433286,20.08880334056363
36.5,20.14202996792026,20.08690209536556
37,20.07087482717963,20.08894559960311
37.5,20.19053971715225,20.09079378374364
38,20.05977014365351,20.08885046837045
38.5,20.0617783721424,20.09066032654775
39,20.05841869193423,20.09224464487468
39.5,20.06291464572105,20.09028593390734
40,20.03952709058891,20.08835289093682
40.5,20.13730257898518,20.08645492738448
41,20.09236626244223,20.0845954869669
41.5,20.13482929741842,20.08277616469342
42,20.07079871832417,20.08099571530283
42.5,19.99330184284325,20.07925340996871
43,19.97802240346147,20.07754707767638
43.5,20.13988554046051,20.07587678164829
44,20.19204802639328,20.07424276500225
44.5,20.01432781272283,20.07264486951777
45,20.13218492729835,20.07108305651373
45.5,20.10140912153064,20.070039908603
46,20.16634105398382,20.07022682320286
46.5,20.07641905907378,20.06993006099645
47,20.17428204020765,20.06843240490383
47.5,19.97658525553653,20.06696963616339
48,20.13131164858,20.06553281621817
48.5,19.95857940232355,20.0641238525326
49,20.09573876054457,20.06274443698733
49.5,19.95959661233896,20.06139491550983
50,20.06361796636004,20.06008926370188
50.5,20.10865253143651,20.05915532388013
51,20.11217037136212,20.05815642440329
51.5,20.13440601523172,20.05813644523752
52,20.03675268729445,20.0580050143308
52.5,19.95128642053517,20.0577235371464
53,20.13020648881596,20.05730158449149
53.5,20.05918755033936,20.05608610681386
54,19.92996793182442,20.05489163555073
54.5,20.10659911978602,20.05372198730517
55,20.01236590359929,20.05258548427497
55.5,20.02248848539932,20.05218680993315
56,20.1598065279792,20.0516908933468
56.5,20.09824859657042,20.05059775883734
57,20.07778805331896,20.05119498712431
57.5,20.14140671652585,20.05167085422537
58,20.10051875869082,20.0505637734923
58.5,20.1119237518582,20.04948669628399
59,19.93810490858318,20.0484331351526
59.5,19.941674727149,20.04740228841491
60,19.94008640774991,20.04639382069586
60.5,20.0658916073303,20.04540224303085
61,19.94467481266442,20.0444283757004
61.5,20.13486431834182,20.04348808615699
62,20.09675956140149,20.04261591077739
62.5,20.11261298600018,20.04172993292849
63,20.01684089941389,20.04083989230308
63.5,20.15149664676717,20.03997056870082
64,19.97641132628236,20.03911541881448
64.5,20.14101969941752,20.03827532245289
65,19.92685775850496,20.03745302203229
65.5,20.02529114146159,20.03664784180035
66,20.07919967218388,20.03585957391428
66.5,20.06436656705672,20.03508787202819
67,19.97714496589334,20.03433283783767
67.5,19.96853971726533,20.0335937350271
68,20.07028222786025,20.03287035005636
68.5,19.99856591162074,20.03216297574012
69,20.07080488402116,20.03147034012029
69.5,19.91470400013204,20.03079259536505
70,20.00105728618289,20.03012998127246
70.5,20.07160790459207,20.02948091707414
71,20.02807925712579,20.02884603467637
71.5,20.02365899606503,20.02822532804538
72,20.04312493126531,20.02761771363782
72.5,20.08733168834619,20.02702329880794
73,19.95567320887501,20.02644181753616
73.5,19.91319485200387,20.02587300380294
74,20.04200640145838,20.0253165915887
74.5,19.97905172678639,20.02477226879512
75,20.11250304320547,20.02423969898721
75.5,20.14795569202733,20.02371865476423
76,19.99794334640637,20.02320885743881
76.5,20.14384943687481,20.02271002832353
77,20.14659625928672,20.02222188873098
77.5,19.9729340226116,20.02174456370478
78,19.94014051503668,20.02127778729231
78.5,20.07605588085094,20.02082119351307
79,20.04379368937061,20.02037454816147
79.5,19.9846696645187,20.0199376170319
80,20.04115160395092,20.01951016591875
80.5,20.14356551632796,20.01909196061643
81,20.06140486537203,20.01868276691932
81.5,20.10136517785654,20.01828235062182
82,20.01627681132979,20.01789047751833
82.5,20.07851722865944,20.01750691340324
83,20.03131897670049,20.01713168460784
83.5,20.08541261183949,20.01676503958692
84,19.99463512693456,20.016406268632
84.5,19.98751654114002,20.01605516231377
85,19.97945170713174,20.01571151120291
85.5,19.9983953701604,20.01537510587011
86,19.96354193733162,20.01504573688604
86.5,19.96892635653899,20.0147231948214
87,20.06413336662433,20.01440727024687
87.5,20.08738413942606,20.01409775373314
88,19.90864794618086,20.01379565576673
88.5,20.03049552682414,20.01350053185969
89,20.07392451061604,20.01321175082723
89.5,20.02332451784368,20.01292915055341
90,20.07680629065454,20.01265256892231
90.5,20.12891295743839,20.01238184381798
91,20.04640817333445,20.01211681312448
91.5,20.03504756711397,20.0118573147259
92,19.90361725553916,20.0116031865063
92.5,20.11537286022917,20.01135433549392
93,19.98209228464025,20.01111157233823
93.5,19.89741764417968,20.01087401797038
94,19.97447329212595,20.01064154066869
94.5,20.0959077981948,20.01041400871148
95,20.05006753782116,20.01019129037708
95.5,20.09416237714705,20.00997325394383
96,20.06357534433727,20.00975976769003
96.5,19.97528985819354,20.00955069989403
97,20.03061350512523,20.00934591883415
97.5,20.10442066242247,20.00914569065209
98,19.90921185700367,20.00895016078491
98.5,20.0441793607661,20.00875881570553
99,20.05482616609729,20.00857155017273
99.5,20.09211960450641,20.00838825894533
100,19.99959117266885,20.00820883678213
100.0000000101018,19.99265584138684,20.00820883677855
100.0000000101018,19.99582213674498,20.00820883677855
100.5,20.08056294415112,19.96508471910763
101,20.04173443021788,19.92283050248571
101.5,19.83391733528038,19.88147661748504
102,19.7402328743057,19.84100880740913
102.5,19.80390280727908,19.80141173394311
103,19.70033469390661,19.76266493469765
103.5,19.75742522054749,19.72475134133975
104,19.67402235026532,19.68765267956003
104.5,19.62887280994208,19.65136113661221
105,19.51529939590925,19.62088962388252
105.5,19.47353074472082,19.59276274642985
106,19.64484477204051,19.56892616490529
106.5,19.52985892822552,19.54931829283015
107,19.48079312077012,19.53296069790565
107.5,19.43334794900946,19.52553292169539
108,19.49928753926575,19.52878749348799
108.5,19.44264180013104,19.54219699285543
109,19.4239488303698,19.54873520080347
109.5,19.47893801894375,19.55308655252938
110,19.66440314709047,19.56802187935158
110.5,19.70848736761805,19.58945373622061
111,19.69007643518935,19.61035827362436
111.5,19.71938514358486,19.6314880214803
112,19.60904823116116,19.657645142688
112.5,19.75790839636101,19.68211949289105
113,19.69557739716501,19.69312447196587
113.5,19.78254207632187,19.69159310326971
114,19.60020588228455,19.68976626315555
114.5,19.62160656041297,19.68832383694119
115,19.65235196751035,19.69290725179026
115.5,19.71880840195212,19.69609118646093
116,19.74544147147341,19.69537204186436
116.5,19.7794669486153,19.69421730720779
117,19.81066573865927,19.69990262332982
117.5,19.64139630339158,19.71591868871829
118,19.71970380728395,19.72969480432365
118.5,19.68629788808255,19.73860279851073
119,19.73211088216415,19.74303269374287
119.5,19.68083588172697,19.74495145532236
120,19.67853495991016,19.74431379227198
120.5,19.85135258775752,19.75326228348798
121,19.84701169748877,19.76881946139758
121.5,19.69568298086272,19.78316810308936
122,19.70221842953392,19.79814191963066
122.5,19.93350900966025,19.81524597062708
123,19.92308373495188,19.83709401968957
123.5,19.87628532617211,19.85066885228069
124,19.91858881683265,19.85649509449004
124.5,19.83934768872739,19.87373060446578
125,19.86959390261872,19.90150481908956
125.5,19.89007089413393,19.91683181213069
126,19.94646136004455,19.92052444180364
126.5,19.89156064569186,19.92882756057574
127,19.97597985881093,19.9385069439881
127.5,19.8499935764,19.95163165739613
128,20.08001240020033,19.96885254424769
128.5,19.90721593075166,19.98450787081331
129,20.08732545203572,19.99704025656467
129.5,20.10393267830612,20.01102289102013
130,20.07456933724838,20.02456094465827
130.5,20.16144805974002,20.04229235430468
131,20.12049371658804,20.0550887359673
131.5,20.11495465858793,20.06626619153266
132,20.11120481069245,20.07834782042785
132.5,20.14303844209558,20.08042590509189
133,20.16290166146667,20.08365653679856
133.5,20.15912067903137,20.08298081270244
134,20.03773356662109,20.07941040612425
134.5,19.99283924545355,20.07819570164423
135,20.05922538685714,20.07715119636061
135.5,20.16035280740335,20.07393583300838
136,20.15546636591677,20.06704279952375
136.5,20.18054098017863,20.05848601634306
137,20.1155129377182,20.05658551073374
137.5,19.99136753466461,20.06348658737008
138,20.14703465202106,20.06800315691927
138.5,20.09335480990965,20.06166515263251
139,19.998230230607,20.04885662301399
139.5,19.97488871094543,20.03412132302466
140,19.91183355998317,20.02109363872093
140.5,20.10250115305328,20.01876217786482
141,19.92627400133427,20.01408719753777
141.5,19.9948014678272,20.003243650511
142,20.04612343878887,20.00091408181387
142.5,19.89531923943627,20.00517442910881
143,19.99815572673592,20.01411309237819
143.5,20.04474047626112,20.01483615178833
144,19.89063877188152,20.01446380926669
144.5,19.931401166666,20.01955006647374
145,20.00994672477475,20.01725209298056
145.5,19.98084337323698,20.0212002872053
146,20.10816887581736,20.0280234551197
146.5,19.98131534011346,20.02634158603161
147,20.14992315474963,20.0313778195038
147.5,19.98733912414199,20.04319181129674
148,20.05551998523337,20.04830617255598
148.5,20.02031368705253,20.05110304830012
149,19.97882012778289,20.04863503302292
149.5,19.96803502695964,20.0470970405709
150,19.9987638733033,20.04364515630143
150.5,20.02856523043037,20.04085274530815
151,19.94043619149916,20.04432501256914
151.5,20.07145583131345,20.04661757941368
152,19.95573845488281,20.05414157387448
152.5,19.98792156667512,20.06531269189257
153,19.97191730964637,20.0758671677353
153.5,19.97342797704688,20.08342050001206
154,20.03814675501865,20.0945182568345
154.5,20.11988315237063,20.10262875007564
155,20.01653402433124,20.10951247826355
155.5,20.17718917452397,20.12083293196286
156,20.16049390936672,20.13080321446026
156.5,20.20735710949544,20.1412120550199
157,20.1025379930995,20.14751083162607
157.5,20.0353076754025,20.14530019836768
158,20.11333274968278,20.14506818472413
158.5,20.13179326424373,20.14232596482664
159,20.07810127926186,20.13185581889014
159.5,20.16029201740824,20.1194239184062
160,20.18061417672018,20.10999053097903
160.5,20.11209480460451,20.11006150891067
161,20.1282626268662,20.1085972623226
161.5,20.11082686751962,20.10065275942306
162,20.21826966301866,20.09388766283555
162.5,20.0628642462365,20.08460486942446
163,19.97474742820208,20.06875588182921
163.5,19.94645349749052,20.05521765044929
164,20.06788033353866,20.04414074798002
164.5,20.03390475749337,20.03249709124379
165,20.00881338192012,20.01482171347321
165.5,20.00824130498768,19.99957023348281
166,20.03307049900498,19.99806195382233
166.5,20.10607332896977,20.00263465591456
167,20.09018373624361,20.00091328121263
167.5,20.10807725459276,19.99350695520619
168,19.97402323929727,19.98911845704684
168.5,20.0778909475486,19.98574412299951
169,19.88725862165401,19.98040492738844
169.5,19.84692197017316,19.96871752667818
170,20.02331551332957,19.95330986740531
170.5,19.89745051031413,19.93712838744661
171,19.87317656210857,19.92733547198741
171.5,20.01320343472204,19.91840912947591
172,19.95847728016533,19.91395458965354
172.5,19.80162519840274,19.92270356993508
173,19.97897819025469,19.92307209570835
173.5,19.83968292214097,19.92055315743868
174,19.86654299890397,19.92675983291379
174.5,19.95233799486506,19.92595092860938
175,19.95806215723339,19.91970420563575
175.5,19.88775740232955,19.92555076150188
176,20.02946454371047,19.93023742496295
176.5,19.92544218175466,19.93297643878155
177,19.94937012012501,19.94239282589606
177.5,19.92996124614669,19.94525483420784
178,20.01010671016586,19.94300795226919
178.5,19.91358972018053,19.94494367385343
179,19.9475154792094,19.9428881102101
179.5,19.85914893449086,19.9390273182306
180,19.98155857434009,19.93991225334641
180.5,19.94754093616643,19.94027371609746
181,19.83170768172603,19.93646628031608
181.5,19.87347118754642,19.93307765136673
182,19.86497203764767,19.93335257294233
182.5,19.94943981202151,19.93787711174379
183,19.90521070155769,19.94089065394882
183.5,19.9566220773849,19.93952026763729
184,20.06011005781887,19.94745479490191
184.5,20.00057031855173,19.95985481209706
185,20.04448681752968,19.97038406170828
185.5,19.93308525343825,19.97650164798154
186,20.04899114797654,19.98046564976187
186.5,19.87490257189813,19.98410161361693
187,20.01273352567828,19.97879312832728
187.5,20.03381330003045,19.97129231855518
188,19.91449093324521,19.96501051086904
188.5,20.0501920794605,19.96308080897495
189,19.90846043210361,19.96094845358864
189.5,19.98479099238265,19.96276044335467
190,20.0596697343954,19.96704224332206
190.5,20.01280831886269,19.96273125962626
191,20.03116087768558,19.96518367501216
191.5,19.94873218873599,19.96721496103739
192,19.98585956080499,19.97009293584696
192.5,20.07480318595094,19.97721643708775
193,19.98337538823489,19.97590979785433
193.5,19.98029685189621,19.97358659462518
194,19.88656000432172,19.97362549704306
194.5,19.86589737682174,19.978331380545
195,20.0157165675097,19.9864531317359
195.5,20.03968607203258,19.98811360583183
196,19.9085721099815,19.99144130764989
196.5,19.90294595761602,20.00190603940563
197,19.92050048848276,20.01992597754188
197.5,19.94141742058898,20.04668720421275
198,20.03625262664871,20.06798806169006
198.5,20.17484510663985,20.0812868010275
199,20.20682097623938,20.10186400733774
199.5,20.20490646893241,20.13013230590253
200,20.14522441620825,20.15702363493441
200.0000000201026,20.13455819816759,20.15702363595561
200.0000000201026,20.05382148134884,20.15702363595561
200.5,20.20585550138501,20.18023902749359
201,20.29627524063631,20.19469819665914
201.5,20.2794720003118,20.19365776647897
202,20.26529619363198,20.18107655191928
202.5,20.13106772849438,20.16542775535067
203,20.18094296021372,20.15219070947365
203.0000000201044,20.2388289564779,20.15219072288923
203.0000000201044,20.03503397982456,20.15219072288923
203.5,20.57488139331265,20.48222338372984
204,20.767322476281,20.80517687247229
204.5,21.15753373389002,21.12118237429042
205,21.42707639610635,21.43039146919818
205.5,21.63331135714042,21.73295047576587
206,22.06250882113083,22.02900331253987
206.5,22.30099287440365,22.31868979508605
207,22.48846915016404,22.60214678314845
207.5,22.96357775735937,22.87949544893931
208,23.26508286193322,23.15086352540561
208.5,23.37236632347846,23.41643123634811
209,23.72403906962349,23.67630430598935
209.5,23.90658657824274,23.93058557113193
210,24.29412836340309,24.17939784184177
210.5,24.37025367770933,24.42285614360489
211,24.57789461165299,24.66106899441613
211.5,24.85956985606946,24.89412062360998
212,25.11753478909364,25.11924001081061
212.5,25.26692545351282,25.32936250908703
213,25.59084999348765,25.50855301787194
213.5,25.753649309653,25.66397448437147
214,25.81850044611386,25.80664781999612
214.5,25.87651789511617,25.92487828819457
215,25.94492693016169,26.01635168677657
215.5,25.97849783489633,26.08941354277315
216,26.07466442256086,26.13747532987615
216.5,26.16634633330003,26.15569155867922
217,26.21796414024297,26.15828900977634
217.5,26.03259159745815,26.15151078444505
218,26.04401814467749,26.1350510436307
218.5,26.1256031680512,26.10990520973949
219,26.03902376075209,26.0735516394105
219.5,26.11782077327619,26.02241609784054
220,26.02725316026615,25.95991025429367
220.5,25.8263799422754,25.90288603071804
221,25.94048703332113,25.85388694786931
221.5,25.75972910368748,25.79758349987877
222,25.80299359019111,25.74044209020636
222.5,25.6782587187613,25.68129912526785
223,25.54546096187229,25.61927379185368
223.5,25.69236446768647,25.57037817049723
224,25.63242783815341,25.52187072276293
224.5,25.58093179342691,25.4725948996008
225,25.5419496896679,25.42699790891287
225.5,25.36263736298385,25.38297413473591
226,25.4581947965865,25.35206286507004
226.5,25.24337001592914,25.31811366044955
227,25.33702092660027,25.27638446308515
227.5,25.30323408729821,25.2391490322123
228,25.08874826180513,25.20605759741718
228.5,25.06015567273432,25.18480470987534
229,25.15398599246642,25.16677706275055
229.5,25.19701871953302,25.15415928778766
230,25.18745348562489,25.14814946023349
230.5,25.2514288744661,25.1421306475915
231,25.20675299546381,25.15841549126752
231.5,25.10934345692735,25.19251021006313
232,25.25923832464008,25.22049126204661
232.5,25.250007678094,25.23813216309416
233,25.19933603365596,25.25151887004623
233.5,25.17177407712751,25.26006031022789
234,25.18598906298369,25.26639389101189
234.5,25.26979693854662,25.27981082446843
235,25.39327309904513,25.28887309294143
235.5,25.29950834100246,25.28892223302797
236,25.28878754643628,25.2922781009576
236.5,25.26250089761592,25.30034766417984
237,25.43167172252032,25.30909794402366
237.5,25.3851445824113,25.3113851598215
238,25.32916745284745,25.30078142422109
238.5,25.22433734894911,25.2886741817382
239,25.280637665004,25.28348733082632
239.5,25.16750169629344,25.28147688474523
240,25.36604557844227,25.27048068083187
240.5,25.22274509018195,25.25112348918094
241,25.23177551112398,25.23655547267066
241.5,25.27270359547222,25.23051557093534
242,25.33098557666818,25.22587601521916
242.5,25.12266171000014,25.22246868042771
243,25.32068338580611,25.21207182539472
243.5,25.29495387395118,25.1974129028522
244,25.20787430374843,25.18929234629124
244.5,25.26858856823949,25.1770826323894
245,25.28195919867323,25.15808838352385
245.5,25.04913068668465,25.14721336132682
246,25.01375299623419,25.13596818224451
246.5,25.11559426834879,25.11402637992446
247,25.08873980253436,25.09815094789402
247.5,25.1780170715226,25.08310069223856
248,25.08803075136882,25.06318486984167
248.5,25.06958533237554,25.05560404022185
249,24.94647439721186,25.0629749923228
249.5,25.08315907050157,25.06552318683813
250,25.07259664338617,25.06320075728125
250.5,24.96347485378107,25.05651434473234
251,25.14896348545238,25.04967532968591
251.5,25.08132944075517,25.04841141347162
252,25.00537435891341,25.05407045559604
252.5,24.96856632589642,25.05747055881368
253,24.97836107425125,25.05322679280956
253.5,24.96555149725933,25.05553150763562
254,25.14872583874745,25.05247427467384
254.5,25.02817222297752,25.04206958923016
255,25.02927358579466,25.03954687904701
255.5,24.9706317809744,25.04290342622725
256,24.99192266109332,25.04699712625644
256.5,25.03197153427258,25.05036275104555
257,24.94156694616586,25.0425870273451
257.5,24.90862224177341,25.03036439088685
258,24.98315711066777,25.02433039476458
258.5,25.06503581839076,25.02165757198431
259,24.96700394353674,25.02269640851675
259.5,24.97285783843289,25.02187437946502
260,25.07892645645649,25.02456917626606
260.5,25.12274638740201,25.03389556187633
261,24.94370531619571,25.04001028766091
261.5,25.02019538524744,25.03632060269182
262,25.15603051375105,25.03334992047123
262.5,24.96439308922912,25.03542873484819
263,25.09478613497808,25.030594265109
263.5,25.06642962527348,25.01674167703287
264,24.97097727260349,25.01060937197176
264.5,24.90652733311814,25.00979052474386
265,25.00473996019052,24.99580185172773
265.5,24.90210176287436,24.98510066420802
266,25.0122419193545,24.97803448504559
266.5,25.02749891055715,24.9652449660398
267,24.92248967073,24.96001599294442
267.5,24.88118042802778,24.96430140339935
268,24.95422953015528,24.96650941540569
268.5,25.00052321115675,24.96909296121015
269,24.95066510286758,24.97119261530387
269.5,24.91477687786633,24.96625015891128
270,25.00082722510736,24.96709282769534
270.5,25.08123580054416,24.97693497959625
271,25.03019175115113,24.98516550523298
271.5,24.99239075207252,24.98692412406264
272,24.87489968735452,24.98946235711373
272.5,24.89166820747877,24.99740339837205
273,24.97910980794963,25.00224665294612
273.5,25.08716448729928,24.99712343990404
274,25.05098096274489,24.99047420289504
274.5,24.99775751982303,24.98933822602134
275,24.91850227314618,24.99755665713007
275.5,25.07546488517891,25.01161634854143
276,25.09591897646682,25.01942814727891
276.5,24.97523212219702,25.01596288790642
277,24.90083188488784,25.00842107523178
277.5,25.04734820067992,25.00585447223362
278,25.02260120820178,25.01055021177245
278.5,25.11829551214333,25.00985180353406
279,24.90473564214466,24.99800402191699
279.5,24.98326470426669,24.99124147968098
280,24.98984948554785,24.99481255815138
280.5,25.1106305732315,24.99349671904894
281,25.07518474908894,24.98695192338015
281.5,25.02201685485194,24.97857757142654
282,24.99021946605438,24.97767254384606
282.5,24.99704787576625,24.98371510193892
283,24.98629749738509,24.98347072044488
283.5,25.00405933977452,24.97509345946811
284,24.93042358722304,24.9623802814581
284.5,25.01164469257327,24.95589882020168
285,24.97480004796469,24.95514231304846
285.5,24.99489176992296,24.95625152211267
286,25.06812482857476,24.95800260194431
286.5,24.95807901619954,24.95963164536914
287,24.99757345440813,24.96485379743617
287.5,24.89278064769241,24.96974451377719
288,25.01293393749631,24.97230235694271
288.5,24.87995489455788,24.9760080883199
289,24.89173993419275,24.97463965037061
289.5,25.07879581274141,24.97592173211151
290,25.09622402693024,24.98167661642577
290.5,25.01820821608009,24.99172196466861
291,24.96313417175749,25.00085123465614
291.5,25.00964880401991,25.01107172952423
292,25.1260019366862,25.02834652117669
292.5,25.08287814038388,25.03389974748859
293,25.07461412543923,25.02763469491462
293.5,25.01594251043331,25.02517817436348
294,25.13567146252885,25.03042456778719
294.5,25.09186266165314,25.03636856698473
295,25.00302350727666,25.03278286882944
295.5,25.128463106327,25.02461243339387
296,25.03216343519625,25.01896799466156
296.5,24.93127434115905,25.01679864915185
297,24.92054558338484,25.01060951966219
297.5,25.00245093732042,24.99970808628127
298,24.88787293108122,24.99630138043576
298.5,25.04327061644898,24.99011881738285
299,25.01925739834885,24.98183026129022
299.5,24.97198417900853,24.98464554562738
300,25.0639182385543,24.99330222244053
300.5,24.88689802338515,24.99662350939241
301,25.09685008369723,25.0006290381331
301.5,25.0397282816252,25.00125588561702
302,25.03525190647719,24.9940252149888
302.5,25.06007144727613,24.99096609738141
303,24.92474129301155,24.98512597882349
303.5,24.89252155380534,24.98444711916073
304,24.93628307408489,24.98140087553146
304.5,24.94859866040504,24.96930928389819
305,24.86048058747644,24.96053170597981
305.5,24.83491112348063,24.95003075603778
306,24.9643411027393,24.94575151565473
306.5,24.93002520575205,24.95101812545785
307,24.93770940099943,24.95508587733233
307.5,24.89216402740204,24.95527249018471
308,24.87886829368319,24.95916630692823
308.5,24.89026946561393,24.96872110903567
309,25.03200785178162,24.97143242528546
309.5,25.05006434846181,24.96852270595563
310,24.97242874113484,24.96707655753549
310.5,25.01045008658848,24.96775087701788
311,25.01928373929956,24.97152608678331
311.5,25.04495056581352,24.97494491988926
312,25.05713939910642,24.96873872159551
312.5,24.91730686608843,24.95299444810692
313,24.91302360644885,24.94115785737204
313.5,24.94294093543012,24.93200386459666
314,24.88373680599935,24.92053068398635
314.5,24.90926977200886,24.90754166140978
315,24.82103635092066,24.89297992219664
315.5,24.82386927054392,24.88662677046762
316,24.88221614003537,24.88913239724537
316.5,25.00939060757927,24.89042564282814
317,24.98598307334337,24.89373706363848
317.5,24.92517576570345,24.89898706975936
318,24.95226131615212,24.90804381073508
318.5,24.95340088299016,24.92223767000149
319,24.93916083037673,24.93337375801735
319.5,24.98271925899503,24.93435123628926
320,24.88670816234043,24.93028477905847
320.5,24.89085439982762,24.93201242466969
321,24.96447180981448,24.93629178112708
321.5,25.05909398606276,24.93955679925897
322,24.93918410875312,24.94434555166825
322.5,24.96916153476017,24.94818387430911
323,24.85029076870446,24.95651425574936
323.5,25.05731123673931,24.97261092850237
324,25.01414016400349,24.98779124588465
324.5,25.08606591675401,24.9985502760179
325,24.90526367987614,25.01727042446673
325.5,24.97265741898494,25.04462387914303
326,24.99040606784452,25.07735711615533
326.5,25.03306954371866,25.10478422617357
327,25.20816575152319,25.1228855916062
327.5,25.05789009178311,25.13944699354403
328,25.19605763272537,25.16291071662076
328.5,25.27148207603304,25.19286258080918
329,25.20741177441476,25.21705943822285
329.5,25.35464958420881,25.23615002672719
330,25.18675825514204,25.24113079458721
330.5,25.33296552859886,25.24425966599319
331,25.33691565918683,25.24744683384426
331.5,25.34573268812743,25.23763231274977
332,25.32373174768926,25.22704529485562
332.5,25.32554842073732,25.21124515830865
333,25.14740947847065,25.19677698236176
333.5,25.10350685741206,25.183286055996
334,25.26082488889254,25.16139939983342
334.5,25.094727181607,25.13985261268095
335,25.00462433523838,25.11943115307339
335.5,25.03466765420754,25.09954619053983
336,25.15408208512365,25.08944006723981
336.5,25.17729479654662,25.09141952569485
337,25.00904607811034,25.08539194437824
337.5,24.9745744415453,25.07940170678167
338,25.18223416028114,25.08793578081399
338.5,25.03906683760491,25.09909293093051
339,25.20580166330616,25.10057002781923
339.5,25.15611711533454,25.09294761553291
340,25.02701367824772,25.09324265862432
340.5,24.98604854284018,25.10476172988812
341,25.08839900092928,25.10537110701162
341.5,24.97955760465502,25.10202456836851
342,25.19075442959359,25.09675360559383
342.5,25.17493445517504,25.08432881535449
343,25.19216965947801,25.0820626921023
343.5,25.08456434098339,25.08899333967109
344,25.10834321508017,25.09134059048835
344.5,25.04753191407469,25.09353475229607
345,25.08417828778322,25.08868358274462
345.5,25.16360803316114,25.07161380115943
346,25.04922367253837,25.05362978234396
346.5,25.10143062649628,25.03990912620636
347,25.01617652476617,25.0292117431261
347.5,25.1320266346548,25.01956211242207
348,25.03968652709995,25.01061383201038
348.5,25.0989808362011,24.99439008941317
349,24.92395460614001,24.97993699696004
349.5,25.05549259668965,24.96873228906308
350,24.93995057198775,24.95912764037973
350.5,24.92579144873539,24.94728792384755
351,24.8596144083232,24.93377820116356
351.5,24.86093629890363,24.92179402161245
352,24.90130870473299,24.91645732987414
352.5,24.95331916215364,24.91339713694535
353,24.78526886315917,24.90949064116753
353.5,24.90349131062981,24.91313897443791
354,24.81610351890441,24.92137330252818
354.5,24.98487048110504,24.93347349633378
355,24.8971166154201,24.94346278687308
355.5,24.96749519646214,24.94839442434385
356,24.94888203352541,24.96058206709577
356.5,25.0409146196314,24.97571563894962
357,25.09542881573297,24.98924347682492
357.5,24.94212085833535,24.99793539735326
358,25.12507120317775,25.00223038772318
358.5,25.00332206269125,25.00794943169054
359,25.03102075663733,25.01118754029162
359.5,25.13196213332061,25.01063198408509
360,24.89632213502344,25.00215651107251
360.5,25.10200500884132,24.99987863169358
361,25.10621630806307,24.99567445192733
361.5,25.01843887713675,24.98809966390392
362,24.87561024272285,24.98635046917019
362.5,25.04615596507416,24.97753128170369
363,25.04227179993672,24.97733222658548
363.5,24.93869662932093,24.9790916914261
364,24.97504602412742,24.96852650754061
364.5,24.93135082880848,24.96302522683088
365,24.87921765641911,24.97149418463347
365.5,24.92104820707477,24.97842681970333
366,24.91502568022655,24.97589103256274
366.5,25.00086672763724,24.97997299308724
367,24.865804373826,24.98773726362366
367.5,24.93543555853993,24.99520987416236
368,24.9550281964671,25.00689821813524
368.5,25.04101082356999,25.01708049732712
369,24.9778970895844,25.02267918742674
369.5,24.96786448282638,25.02216835562523
370,25.06267088194658,25.02474018948161
370.5,25.05634087559685,25.03133477189495
371,25.07193280347367,25.03291870392229
371.5,25.0029788366328,25.02861056977895
372,25.12736641938903,25.02318767247903
372.5,24.94847269488435,25.02134708069935
373,25.1347251753935,25.01368495199801
373.5,24.94718422721841,25.00058017436035
374,24.95401096513912,24.98672299248371
374.5,25.08858448806573,24.97592159552141
375,25.01611874018879,24.96150205266781
375.5,24.84894314258878,24.9505812235849
376,24.83711661254127,24.93932691559007
376.5,25.02784024761902,24.92870468439992
377,24.81662636689124,24.92900696322291
377.5,24.82791057662078,24.92114843788364
378,24.91338644523399,24.91038418686428
378.5,24.95759339694788,24.91416174314985
379,24.98046017227595,24.92848333582464
379.5,24.90692222645346,24.93193595978272
380,24.93185381696782,24.93658037112291
380.5,24.83518572596184,24.95302150586235
381,24.88319893702604,24.96417598710691
381.5,24.91587030691928,24.96835069877694
382,24.99213279267552,24.96940031792958
382.5,24.97220086949478,24.97403579487703
383,24.90632243854277,24.98166882362533
383.5,24.99973172038134,24.99361657404508
384,24.97960846358156,25.00826152916584
384.5,25.03212128518791,25.01805606713316
385,25.10982600800532,25.02130325645651
385.5,25.06221726792684,25.02128813190584
386,24.92635949581344,25.02619698475048
386.5,25.10227517871951,25.02914901520134
387,25.00491854313036,25.02765101787629
387.5,25.04128086678119,25.02394253858514
388,24.97016410326596,25.01266494252497
388.5,24.92946206626646,24.99982630467706
389,24.88641977770785,24.99797637428368
389.5,24.88464390379265,24.99364457519986
390,24.8857776783718,24.98502005637406
390.5,25.03680525479352,24.98021249378397
391,25.08287730019703,24.97783640539433
391.5,24.95668808818473,24.98177811778769
392,24.96470875455926,24.98993611745486
392.5,24.99964569682859,24.99952743760437
393,25.09499567917302,25.00783863092326
393.5,24.99953530227518,25.0061768928999
394,25.03617617879528,24.99305733971938
394.5,25.06883641129846,24.98565439890794
395,24.88471738462435,24.98589005835096
395.5,24.90488659973171,24.98429194657457
396,24.90147958581386,24.97582648971108
396.5,25.0394782390735,24.96864859339339
397,24.98685625052001,24.96589384932369
397.5,25.02927140364514,24.96021946114201
398,24.89065189954989,24.96430450735653
398.5,24.91075914114963,24.97889552836848
399,25.07597216744227,24.99373622884551
399.5,25.11013727396596,25.00109082479453
400,25.041928646104,25.00356306487899
400.5,25.09295626819683,25.00679870113241
401,25.0117919020918,25.01586993792053
401.5,25.03973741989343,25.03169960746019
402,25.08018381079711,25.03628674972957
402.5,25.11259390625143,25.02912196802089
403,25.03016636711704,25.02428010960185
403.5,24.98745769878591,25.02069617041896
404,24.98169705515216,25.01960485873503
404.5,25.07216848536047,25.02209905575142
405,25.05078747488612,25.02095944668702
405.5,25.12776610313529,25.01586617332786
406,25.05379307436545,25.01421438238877
406.5,24.99417456015352,25.02047770050815
407,25.11654655033255,25.03048816842393
407.5,24.98698029088522,25.03631727626685
408,24.95452299726472,25.03927671289325
408.5,25.06504528525114,25.04006207043135
409,24.96510459085977,25.04180141998664
409.5,25.10043475414156,25.05179969447787
410,25.07391621863276,25.05771470491469
410.5,25.03578510102309,25.06421690741366
411,25.14819191102002,25.08000974603696
411.5,25.07317144463904,25.09096755047723
412,25.2186570345188,25.10124088412359
412.5,25.0883112451743,25.10925075748852
413,25.10322528689304,25.11101895125048
413.5,25.08835466198166,25.11674832023539
414,25.21278538892045,25.11831915765119
414.5,25.08649725199153,25.11864468691081
415,25.21491270173493,25.11611284212007
415.5,25.07878955111498,25.11413379990187
416,25.23568343331843,25.1193049122454
416.5,25.08917833800012,25.12435473498489
417,25.01929618914886,25.1228493066146
417.5,25.16854924329917,25.12179870159563
418,25.01652921650176,25.1210665558981
418.5,25.22469704413979,25.12188400052884
419,25.05549547898499,25.12264001464587
419.5,25.04407891166975,25.12307225863469
420,25.16794524425745,25.13508062436548
420.5,25.04423455711268,25.14100493584738
421,25.19965277315678,25.14602793719377
421.5,25.10001406888562,25.14647468474914
422,25.2401780063161,25.14353733124667
422.5,25.04082440599835,25.14983270703292
423,25.14151359713053,25.14805600259944
423.5,25.23413223587547,25.14545689177928
424,25.13854757900272,25.14010783779968
424.5,25.23091985507972,25.13094503285003
425,25.20343054570323,25.11882179299472
425.5,25.07762701971918,25.11007201010585
426,25.14456697827471,25.10677361910238
426.5,24.98836249625822,25.09185457670501
427,25.11569771250754,25.07694302028671
427.5,24.94584342670299,25.06117668882646
428,25.00260551151752,25.03988005602876
428.5,25.12030492033874,25.0264719481411
429,24.97676540758042,25.01587106266022
429.5,25.05480769597985,25.009560190868
430,24.88404535610275,25.00381143172762
430.5,25.04867526656339,24.99994865137128
431,24.91538927823892,25.00208854884654
431.5,25.08565469244064,24.99345446049997
432,24.88727982492625,24.98606442528637
432.5,24.9751222912941,24.9819164744662
433,25.03360220006972,24.98305210393642
433.5,25.01401300301843,24.98477245612674
434,24.87622048175403,24.98641900465817
434.5,24.98333622329876,24.98649107421584
435,24.97957819414535,24.98745578440384
435.5,25.01455310073197,24.9935754402809
436,25.07597604201943,24.99064247471086
436.5,25.04248077944888,24.98539972228772
437,25.04039688288217,24.98931271283304
437.5,25.02427171258996,24.994260573334
438,25.03783924483267,24.99210344356921
438.5,25.00552525502673,24.98736292707483
439,24.90615135840789,24.97677500414903
439.5,25.00558852892137,24.96439998556983
440,24.86956012627171,24.95358139767281
440.5,24.94437193503744,24.9431016020805
441,24.81235072638389,24.93200235759822
441.5,25.00618903625686,24.92142769100096
442,24.99125138449779,24.91794210992276
442.5,24.95310757803906,24.91367384898239
443,24.94866453303769,24.91092458125694
443.5,24.84497590693006,24.91096073923085
444,24.90040214792307,24.91364336622197
444.5,24.98167216099073,24.91167414469385
445,24.81322279843066,24.89861740275818
445.5,24.90419551105244,24.88845177497651
446,24.93823639276981,24.88103326157074
446.5,24.89943840117772,24.88075725856472
447,24.97791559234879,24.88394528685851
447.5,24.95776700750988,24.87965869731974
448,24.76526063906174,24.88137212317686
448.5,24.83408972094474,24.88781374206355
449,24.8753480578277,24.88758979494126
449.5,24.91983808972551,24.88828576574102
450,24.87763621738391,24.88714654789936
450.5,24.90119527910195,24.88327709922585
451,24.8921394102493,24.89255522494091
451.5,24.80705072474097,24.90936784257293
452,24.8514051606332,24.91988488108365
452.5,24.95895627924994,24.92568728910742
453,24.89643396960334,24.9319079220555
453.5,24.90058783193728,24.93980793142762
454,24.82797408710103,24.94765623682484
454.5,24.86866159436183,24.96185367786047
455,25.02780496430771,24.97934538607351
455.5,24.99841001749225,24.98831220566938
456,24.95870603708882,24.9951336929621
456.5,25.0219856258566,25.00574596400169
457,24.91394300038616,25.02083789463952
457.5,25.07021530534043,25.03797631489272
458,25.05944740987503,25.0435815997612
458.5,25.0390352808878,25.0420375392575
459,24.95071955547233,25.04501793493948
459.5,25.10359638214849,25.04682051008208
460,25.02148665600318,25.05161986929705
460.5,25.10761809732448,25.05360415036565
461,24.98354952166137,25.04735991016199
461.5,25.08332445865835,25.04299806319951
462,25.15311152078819,25.04463729366944
462.5,25.11736146403156,25.04171752348162
463,24.97661045425108,25.03433240011124
463.5,25.14179508080278,25.02649996681615
464,24.91043127622946,25.02106468789363
464.5,24.90094210197119,25.01665684546312
465,25.12422170121114,25.00222014476716
465.5,25.02901713900935,24.98569992962186
466,24.93214082282847,24.97936440142889
466.5,24.8478592822963,24.97092135694458
467,24.99420538405821,24.9661016516445
467.5,25.00341211048677,24.97480482266671
468,25.03588553145562,24.97016010648537
468.5,24.88319979255822,24.95770691863018
469,24.95433542153798,24.95634582834971
469.5,24.92393923492788,24.9652803708268
470,25.0167351606097,24.97033558176513
470.5,25.08957634714282,24.96639219845665
471,25.03363304491884,24.95990414083852
471.5,25.00747510431034,24.96013708129939
472,24.98170367526416,24.96411356936493
472.5,24.89509174111855,24.96457857238171
473,25.01411702118811,24.96085077771144
473.5,24.83669357346647,24.94755587395172
474,24.81676740876012,24.93337481865422
474.5,24.91609143726926,24.9238316942351
475,24.79876378195356,24.91688185806672
475.5,24.87912185340312,24.91653373120701
476,24.91521744448663,24.91472533352133
476.5,24.94052843938934,24.91715507594441
477,24.84163332803972,24.93182696798234
477.5,25.04296597037468,24.94225107429021
478,24.86866793165943,24.954642387667
478.5,24.9564569800979,24.96977449467049
479,24.98518193729265,24.97876923548901
479.5,25.01354899849074,24.98462889594855
480,25.06992746132246,24.99497018723572
480.5,24.94529587300369,24.99912670890566
481,25.05695919494983,25.00170161872985
481.5,25.10280761254039,25.00922641804593
482,24.93118727230735,25.00973810088488
482.5,24.92928720940481,25.00675463089595
483,24.98692459183957,24.99867040317415
483.5,24.91393815263335,24.9948236471858
484,25.07490241640443,24.9913312930181
484.5,24.85419593395887,24.97849400824092
485,24.969115875287,24.97348383695575
485.5,25.0545992206822,24.97948935404809
486,24.99951809561599,24.98326317450633
486.5,24.96574382156181,24.98834659264247
487,25.01546181234827,24.98787689459565
487.5,24.87540553542708,24.99057094574844
488,24.98998941233431,24.99920218738238
488.5,25.02721019927989,24.99662683797126
489,24.90321518441725,24.99362245392621
489.5,24.9440673603008,24.99691397427218
490,25.10167535204847,24.99446764307297
490.5,24.96089309466301,24.9907745302537
491,25.05114765050562,24.98686422510811
491.5,24.98782390255291,24.97388075853607
492,25.0455792847356,24.965517789939
492.5,25.006027833596,24.96093292103153
493,25.01267658874556,24.94406716462983
493.5,24.87259918561517,24.92624691046028
494,24.79875015708538,24.91048986471806
494.5,24.82289317460289,24.89280726499872
495,24.75261102213989,24.87510087473549
495.5,24.96972035072049,24.85622582879294
496,24.84505278870384,24.83902919789601
496.5,24.79680406089084,24.82952371786279
497,24.71207010072514,24.83227106511004
497.5,24.86968026900252,24.8379600932159
498,24.89918021181034,24.84689819026427
498.5,24.88330403547475,24.84744097202677
499,24.74666623780105,24.84323824622416
499.5,24.84495765330875,24.84972998522806
500,24.97535856217798,24.86430552100851
500.5,24.75100768348933,24.87439783211447
501,24.92477733095799,24.8736321238899
501.5,24.83916000647419,24.87233744108828
502,24.91965619303778,24.87970364932001
502.5,24.87694830430974,24.88787011588846
503,24.97538422450979,24.88041443783417
503.5,24.81626222495954,24.87790579928737
504,24.92118699787933,24.8787166771298
504.5,24.81643835930124,24.8750453419362
505,24.83192236363034,24.87221824057971
505.5,24.75011075187436,24.86788549475592
506,24.79844186473859,24.8609018091949
506.5,24.76305961273716,24.85839562152649
507,24.82605157092862,24.85973256094907
507.5,24.94834587543446,24.86195178992159
508,24.76052337510859,24.87010389819584
508.5,24.99271087541282,24.88299301903293
509,24.89665661865616,24.89901798832687
509.5,24.87697104196216,24.91604617853249
510,24.84603023001,24.93224883409338
510.5,24.9310955538708,24.93792788517974
511,24.93826808746867,24.94793864015888
511.5,24.85738554494351,24.95517829374566
512,25.04553272606436,24.9545837530122
512.5,24.87251953879545,24.96092784593373
513,25.02634223615369,24.97033695645155
513.5,24.85858445414798,24.97655756734113
514,24.8698113292127,24.97762177875035
514.5,25.0331148279277,24.98357184260711
515,24.92718311213866,24.98357750283662
515.5,24.94871400539535,24.98308929150638
516,25.03721860809823,24.98362429064469
516.5,25.02741490538332,24.98512006606327
517,25.10413992708177,24.99561229257144
517.5,25.08393180545987,24.99552349832159
518,24.87970149931602,24.99218128080349
518.5,24.92479890744699,24.9940034424975
519,24.97780037520791,24.99000396418462
519.5,24.92769554365195,24.98246482372031
520,24.96973340704615,24.97220159150002
520.5,24.86460638175171,24.95949987215364
521,25.07819076212194,24.96045416737723
521.5,24.96056857337999,24.9712233480008
522,25.04998328171385,24.97664348862934
522.5,24.94125545626941,24.9818183701767
523,25.0976062423813,24.98707964550029
523.5,25.00962151653323,24.99589963171008
524,25.10798370646518,24.99786910946209
524.5,25.01858431136344,24.99434117039845
525,24.8732545299783,24.99247890205997
525.5,24.86950346188792,24.99203146262036
526,25.00284580872442,24.98831518340016
526.5,25.07372861841377,24.9805441645425
527,24.87236778837767,24.97241890688104
527.5,25.04561838744829,24.96450400407478
528,24.99703285207482,24.97055423029071
528.5,24.96582543234492,24.98521613030323
529,24.99209780228338,24.99187272827599
529.5,24.91131689533413,24.98638098420403
530,24.96257239745868,24.9885322045817
530.5,24.99173000667866,24.99199322882289
531,24.9552323481627,24.98797489401676
531.5,24.89969188739416,24.98861137956616
532,24.99055622332254,24.98954529769614
532.5,24.9101089497047,24.99374111010999
533,25.11758275372274,24.99939601096326
533.5,25.00685247518459,25.00022614381461
534,24.94931462262216,25.00179501447982
534.5,25.06058120584369,25.00949703579455
535,25.13630588415108,25.01618121603987
535.5,25.06229672075724,25.02414476909856
536,25.15087381800452,25.02595011427821
536.5,25.03309407402331,25.02285129928043
537,25.08156011876175,25.02985031926836
537.5,25.14556995114862,25.03360898432224
538,25.08898154159585,25.02639189347426
538.5,24.9761773074457,25.01934192428581
539,25.05820059416112,25.0114195339481
539.5,25.06716676417125,25.00542400468763
540,25.02969526417572,25.00301827208002
540.5,25.10479679720568,24.99384294119201
541,24.86166032956228,24.98460033017265
541.5,25.06055166438374,24.98564016806122
542,25.06131909276223,24.98849048471144
542.5,24.89153989498198,24.98604427438809
543,24.96629884502569,24.98530806161555
543.5,25.0134516579135,24.9823189634343
544,24.92628117797926,24.98958801107353
544.5,24.90712906514848,24.99952003777338
545,24.99533012614932,24.99823319936322
545.5,24.92992968083366,25.00741236157953
546,24.9343134542642,25.02217242823191
546.5,24.92877925860108,25.02951704356766
547,24.92767581129148,25.03879751910727
547.5,25.13744878289852,25.05381662249323
548,25.07337041317774,25.06421104552126
548.5,25.179355202044,25.07263578922012
549,25.0825099329161,25.08359715481619
549.5,25.05025006694757,25.09324683198556
550,25.05064295612429,25.10136853368708
550.5,24.99451262576625,25.09499100340228
551,25.14880685969407,25.0790758803551
551.5,24.97757144899405,25.06068479473825
552,25.0912655274132,25.04196669016842
552.5,24.95406156892009,25.03088810171223
553,25.11686442815321,25.02163523414704
553.5,25.04469297075501,25.01571183119387
554,24.90325977468755,25.00377630046043
554.5,24.90428637541378,24.99304564541103
555,24.96538434895174,24.98565245405749
555.5,25.07341675788437,24.98007971146572
556,24.91179617395267,24.97296671138362
556.5,24.98499566287447,24.96121029955162
557,24.95516887142937,24.96258105441835
557.5,25.04096248817286,24.97241410107608
558,24.98108737991507,24.97863445471593
558.5,24.92409868030889,24.97506840594749
559,24.9430102912093,24.97506617060015
559.5,24.85705854359649,24.98039528483005
560,25.00830517576211,24.98333722019706
560.5,24.95016357658567,24.98327234455344
561,24.98964278459925,24.98237556453028
561.5,25.08021372101268,24.98882222957312
562,24.89951075260367,24.99763157538269
562.5,25.01684075058588,25.01048145617382
563,24.90356808965482,25.0191454998541
563.5,25.02743823801807,25.02224627659347
564,25.00690700035639,25.02627480943259
564.5,25.02410779675187,25.02241783428963
565,25.1044121134185,25.02367921141344
565.5,24.90676064763339,25.02808316724154
566,24.93791426362086,25.03180827283745
566.5,25.07427569896782,25.03454441444376
567,25.05321023768452,25.03171376257236
567.5,24.96602852250353,25.03011357758944
568,24.93988862522837,25.02462708160216
568.5,24.92857142456755,25.02893535779305
569,24.99584016791069,25.04548233838708
569.5,24.99049476644387,25.0526800443149
570,25.02697235654401,25.05264986745437
570.5,25.04158573987298,25.05852732744584
571,25.19478172782019,25.07043787577392
571.5,25.03447575056061,25.08361436563065
572,25.10525475271802,25.09218138622124
572.5,25.07979001688328,25.09606019724767
573,25.14971198114292,25.09723158928526
573.5,25.10265101320734,25.09438431195303
574,24.96160252780763,25.08059801106823
574.5,25.04414750992083,25.06665872547306
575,24.97472792665699,25.05727667997587
575.5,24.95626598636181,25.0445979972264
576,25.10090102907965,25.02853019867101
576.5,25.04320322118224,25.01044541607344
577,24.88390931498598,25.00260724277919
577.5,24.89206498356015,24.99702195246179
578,24.9193441896707,24.98994494652974
578.5,25.06093968324493,24.98756937165095
579,24.88516179541221,24.97730099033393
579.5,25.00522155438942,24.96182041910087
580,24.84120107286618,24.95911314904038
580.5,25.07317168184239,24.96488819540787
581,24.98096177559356,24.96810966829048
581.5,25.07588924541411,24.96129605714542
582,24.95945836623434,24.95674603370466
582.5,24.99600811380474,24.95539179250587
583,24.88401137917782,24.9566950243086
583.5,25.06209417618166,24.95326898620394
584,24.86272594534177,24.94103262584349
584.5,24.97679832923296,24.92735452906816
585,24.84035630494838,24.91335276480129
585.5,24.94680808864241,24.90297969422119
586,24.82129701147826,24.89757421109984
586.5,24.84743956926498,24.8890019643576
587,24.99094743650165,24.88268683894923
587.5,24.76970341917863,24.88215268215663
588,24.85893285241707,24.88374058580737
588.5,24.82917944393324,24.88762620439346
589,24.83823217678435,24.89339819747589
589.5,24.7966597740506,24.9056604454578
590,24.93508290481304,24.90875687557631
590.5,24.82682289161522,24.91797023497897
591,24.85588135418382,24.9364387747594
591.5,24.88137450207583,24.95202103669908
592,25.07007317918983,24.96823672788211
592.5,24.98085501703059,24.98620720062994
593,25.04684596505053,24.99892046073217
593.5,25.11148461444286,25.01063238506574
594,24.99889157883748,25.02733101485543
594.5,25.13331369263862,25.0407319793295
595,25.05962260573705,25.04110931492617
595.5,24.94582667645829,25.03534127956507
596,24.93185279847949,25.03014147306062
596.5,25.13540644506413,25.01733414671518
597,25.12633765335853,25.00938691023282
597.5,24.91506219033816,25.00315005312694
598,25.02111943681191,24.99514437043415
598.5,25.07352179885421,24.99825933967272
599,25.0261735898776,25.00868266913417
599.5,24.93885002506837,25.00746707881147
600,24.89993450088404,24.99484325054071
600,24.93912789667859,24.99484325054071
