"time","T_Out_ext","T_amb_ext","u_ext"
0,20,20,1
0.5,20.0761,20,1
1,20.1505,20,3
1.5,20.2233,20,3
2,20.2946,20,3
2.5,20.3642,20,3
3,20.4324,20,3
3.5,20.4991,20,3
4,20.6405,20,3
4.5,20.8548,20,3
5,21.0645,20,3
5.5,21.2696,20,3
6,21.4703,20,3
6.5,21.6666,20,3
7,21.8586,20,3
7.5,22.0465,20,3
8,22.2302,20,3
8.5,22.41,20,3
9,22.5859,20,3
9.5,22.7579,20,3
10,22.9262,20,3
10.5,23.0909,20,3
11,23.252,20,3
11.5,23.4095,20,3
12,23.5637,20,3
12.5,23.7145,20,3
13,23.862,20,3
13.5,24.0063,20,3
14,24.1474,20,3
14.5,24.2855,20,3
15,24.4206,20,3
15.5,24.5528,20,3
16,24.6821,20,3
16.5,24.8086,20,3
17,24.9323,20,3
17.5,25.0533,20,3
18,25.1717,20,3
18.5,25.2876,20,3
19,25.4009,20,3
19.5,25.5117,20,3
20,25.6202,20,3
20.5,25.7262,20,3
21,25.83,20,3
21.5,25.9315,20,3
22,26.0309,20,3
22.5,26.128,20,3
23,26.2231,20,3
23.5,26.316,20,3
24,26.407,20,3
24.5,26.496,20,3
25,26.583,20,3
25.5,26.6682,20,3
26,26.7515,20,3
26.5,26.833,20,3
27,26.9127,20,3
27.5,26.9907,20,3
28,27.067,20,3
28.5,27.1416,20,3
29,27.2146,20,3
29.5,27.286,20,3
30,27.3559,20,3
30.5,27.4242,20,3
31,27.4911,20,3
31.5,27.5565,20,3
32,27.6205,20,3
32.5,27.6831,20,3
33,27.7443,20,3
33.5,27.8042,20,3
34,27.8628,20,3
34.5,27.9202,20,3
35,27.9763,20,3
35.5,28.0311,20,3
36,28.0848,20,3
36.5,28.1373,20,3
37,28.1887,20,3
37.5,28.2389,20,3
38,28.2881,20,3
38.5,28.3361,20,3
39,28.3832,20,3
39.5,28.4292,20,3
40,28.4742,20,3
40.5,28.5183,20,3
41,28.5613,20,3
41.5,28.6035,20,3
42,28.6447,20,3
42.5,28.685,20,3
43,28.7245,20,3
43.5,28.7631,20,3
44,28.8009,20,3
44.5,28.8378,20,3
45,28.8739,20,3
45.5,28.9093,20,3
46,28.9439,20,3
46.5,28.9777,20,3
47,29.0108,20,3
47.5,29.0432,20,3
48,29.0748,20,3
48.5,29.1058,20,3
49,29.1361,20,3
49.5,29.1658,20,3
50,29.1948,20,3
50.5,29.2231,20,3
51,29.2509,20,3
51.5,29.2781,20,3
52,29.3046,20,3
52.5,29.3306,20,3
53,29.356,20,3
53.5,29.3809,20,3
54,29.4052,20,3
54.5,29.429,20,3
55,29.4523,20,3
55.5,29.4751,20,3
56,29.4974,20,3
56.5,29.5192,20,3
57,29.5405,20,3
57.5,29.5613,20,3
58,29.5817,20,3
58.5,29.6017,20,3
59,29.6212,20,3
59.5,29.6403,20,3
60,29.659,20,3
60.5,29.6773,20,3
61,29.6952,20,3
61.5,29.7127,20,3
62,29.7298,20,3
62.5,29.7466,20,3
63,29.7629,20,3
63.5,29.779,20,3
64,29.7946,20,3
64.5,29.81,20,3
65,29.825,20,3
65.5,29.8396,20,3
66,29.854,20,3
66.5,29.868,20,3
67,29.8818,20,3
67.5,29.8952,20,3
68,29.9084,20,3
68.5,29.9212,20,3
69,29.9338,20,3
69.5,29.9461,20,3
70,29.9582,20,3
70.5,29.9699,20,3
71,29.9815,20,3
71.5,29.9927,20,3
72,30.0038,20,3
72.5,30.0145,20,3
73,30.0251,20,3
73.5,30.0354,20,3
74,30.0455,20,3
74.5,30.0554,20,3
75,30.0651,20,3
75.5,30.0745,20,3
76,30.0838,20,3
76.5,30.0928,20,3
77,30.1017,20,3
77.5,30.1103,20,3
78,30.1188,20,3
78.5,30.1271,20,3
79,30.1352,20,3
79.5,30.1431,20,3
80,30.1509,20,3
80.5,30.1585,20,3
81,30.1659,20,3
81.5,30.1732,20,3
82,30.1803,20,3
82.5,30.1872,20,3
83,30.194,20,3
83.5,30.2007,20,3
84,30.2072,20,3
84.5,30.2135,20,3
85,30.2198,20,3
85.5,30.2259,20,3
86,30.2318,20,3
86.5,30.2377,20,3
87,30.2434,20,3
87.5,30.2489,20,3
88,30.2544,20,3
88.5,30.2597,20,3
89,30.265,20,3
89.5,30.2701,20,3
90,30.2751,20,3
90.5,30.28,20,3
91,30.2847,20,3
91.5,30.2894,20,3
92,30.294,20,3
92.5,30.2985,20,3
93,30.3029,20,3
93.5,30.3071,20,3
94,30.3113,20,3
94.5,30.3154,20,3
95,30.3194,20,3
95.5,30.3234,20,3
96,30.3272,20,3
96.5,30.331,20,3
97,30.3346,20,3
97.5,30.3382,20,3
98,30.3418,20,3
98.5,30.3452,20,3
99,30.3486,20,3
99.5,30.3519,20,3
100,30.3551,20,3
100.5,30.3582,20,1
101,30.3613,20,1
101.5,30.3643,20,1
102,30.3673,20,1
102.5,30.3702,20,1
103,30.373,20,1
103.5,30.2996,20,1
104,30.1518,20,1
104.5,30.0072,20,1
105,29.8657,20,1
105.5,29.7273,20,1
106,29.5919,20,1
106.5,29.4595,20,1
107,29.33,20,1
107.5,29.2032,20,1
108,29.0792,20,1
108.5,28.958,20,1
109,28.8393,20,1
109.5,28.7232,20,1
110,28.6097,20,1
110.5,28.4986,20,1
111,28.3899,20,1
111.5,28.2836,20,1
112,28.1796,20,1
112.5,28.0779,20,1
113,27.9784,20,1
113.5,27.881,20,1
114,27.7858,20,1
114.5,27.6926,20,1
115,27.6015,20,1
115.5,27.5123,20,1
116,27.4251,20,1
116.5,27.3398,20,1
117,27.2563,20,1
117.5,27.1746,20,1
118,27.0947,20,1
118.5,27.0166,20,1
119,26.9402,20,1
119.5,26.8654,20,1
120,26.7922,20,1
120.5,26.7206,20,1
121,26.6506,20,1
121.5,26.5821,20,1
122,26.5151,20,1
122.5,26.4496,20,1
123,26.3855,20,1
123.5,26.3227,20,1
124,26.2614,20,1
124.5,26.2013,20,1
125,26.1426,20,1
125.5,26.0852,20,1
126,26.029,20,1
126.5,25.974,20,1
127,25.9202,20,1
127.5,25.8676,20,1
128,25.8161,20,1
128.5,25.7658,20,1
129,25.7165,20,1
129.5,25.6683,20,1
130,25.6212,20,1
130.5,25.5751,20,2
131,25.53,20,2
131.5,25.4858,20,2
132,25.4427,20,2
132.5,25.4004,20,2
133,25.3591,20,2
133.5,25.3568,20,2
134,25.3925,20,2
134.5,25.4274,20,2
135,25.4616,20,2
135.5,25.4951,20,2
136,25.5278,20,2
136.5,25.5598,20,2
137,25.5911,20,2
137.5,25.6217,20,2
138,25.6517,20,2
138.5,25.681,20,2
139,25.7097,20,2
139.5,25.7377,20,2
140,25.7652,20,2
140.5,25.792,20,2
141,25.8183,20,2
141.5,25.844,20,2
142,25.8691,20,2
142.5,25.8937,20,2
143,25.9177,20,2
143.5,25.9412,20,2
144,25.9643,20,2
144.5,25.9868,20,2
145,26.0088,20,2
145.5,26.0304,20,2
146,26.0514,20,2
146.5,26.0721,20,2
147,26.0922,20,2
147.5,26.112,20,2
148,26.1313,20,2
148.5,26.1502,20,2
149,26.1686,20,2
149.5,26.1867,20,2
150,26.2044,20,2
150.5,26.2217,20,2
151,26.2386,20,2
151.5,26.2551,20,2
152,26.2713,20,2
152.5,26.2872,20,2
153,26.3027,20,2
153.5,26.3178,20,2
154,26.3327,20,2
154.5,26.3472,20,2
155,26.3614,20,2
155.5,26.3752,20,2
156,26.3888,20,2
156.5,26.4021,20,2
157,26.4151,20,2
157.5,26.4278,20,2
158,26.4403,20,2
158.5,26.4524,20,2
159,26.4643,20,2
159.5,26.476,20,2
160,26.4874,20,2
160.5,26.4985,20,2
161,26.5094,20,2
161.5,26.5201,20,2
162,26.5305,20,2
162.5,26.5407,20,2
163,26.5507,20,2
163.5,26.5605,20,2
164,26.57,20,2
164.5,26.5794,20,2
165,26.5885,20,2
165.5,26.5975,20,2
166,26.6062,20,2
166.5,26.6148,20,2
167,26.6232,20,2
167.5,26.6313,20,2
168,26.6394,20,2
168.5,26.6472,20,2
169,26.6549,20,2
169.5,26.6624,20,2
170,26.6697,20,2
170.5,26.6769,20,2
171,26.6839,20,2
171.5,26.6908,20,2
172,26.6975,20,2
172.5,26.7041,20,2
173,26.7105,20,2
173.5,26.7168,20,2
174,26.723,20,2
174.5,26.729,20,2
175,26.7349,20,2
175.5,26.7406,20,2
176,26.7463,20,2
176.5,26.7518,20,2
177,26.7572,20,2
177.5,26.7625,20,2
178,26.7676,20,2
178.5,26.7727,20,2
179,26.7776,20,2
179.5,26.7825,20,2
180,26.7872,20,2
180.5,26.7918,20,2
181,26.7963,20,2
181.5,26.8008,20,2
182,26.8051,20,2
182.5,26.8093,20,2
183,26.8135,20,2
183.5,26.8175,20,2
184,26.8215,20,2
184.5,26.8254,20,2
185,26.8292,20,2
185.5,26.8329,20,2
186,26.8365,20,2
186.5,26.8401,20,2
187,26.8436,20,2
187.5,26.847,20,2
188,26.8503,20,2
188.5,26.8535,20,2
189,26.8567,20,2
189.5,26.8598,20,2
190,26.8629,20,2
190.5,26.8659,20,2
191,26.8688,20,2
191.5,26.8716,20,2
192,26.8744,20,2
192.5,26.8772,20,2
193,26.8798,20,2
193.5,26.8824,20,2
194,26.885,20,2
194.5,26.8875,20,2
195,26.8899,20,2
195.5,26.8923,20,2
196,26.8947,20,2
196.5,26.897,20,2
197,26.8992,20,2
197.5,26.9014,20,2
198,26.9035,20,2
198.5,26.9056,20,2
199,26.9077,20,2
199.5,26.9097,20,2
200,26.9117,20,2
200.5,26.9136,20,4
201,26.9155,20,4
201.5,26.9173,20,4
202,26.9191,20,4
202.5,26.9209,20,4
203,26.9226,20,4
203.5,27.0004,20,4
204,27.1526,20,4
204.5,27.3014,20,4
205,27.447,20,4
205.5,27.5895,20,4
206,27.7289,20,4
206.5,27.8652,20,4
207,27.9986,20,4
207.5,28.129,20,4
208,28.2566,20,4
208.5,28.3815,20,4
209,28.5036,20,4
209.5,28.6231,20,4
210,28.74,20,4
210.5,28.8544,20,4
211,28.9662,20,4
211.5,29.0757,20,4
212,29.1827,20,4
212.5,29.2874,20,4
213,29.3899,20,4
213.5,29.4901,20,4
214,29.5881,20,4
214.5,29.6841,20,4
215,29.7779,20,4
215.5,29.8697,20,4
216,29.9595,20,4
216.5,30.0473,20,4
217,30.1332,20,4
217.5,30.2173,20,4
218,30.2995,20,4
218.5,30.38,20,4
219,30.4587,20,4
219.5,30.5356,20,4
220,30.611,20,4
220.5,30.6846,20,4
221,30.7567,20,4
221.5,30.8272,20,4
222,30.8962,20,4
222.5,30.9637,20,4
223,31.0297,20,4
223.5,31.0942,20,4
224,31.1574,20,4
224.5,31.2192,20,4
225,31.2797,20,4
225.5,31.3388,20,4
226,31.3966,20,4
226.5,31.4532,20,4
227,31.5086,20,4
227.5,31.5628,20,4
228,31.6157,20,4
228.5,31.6676,20,4
229,31.7183,20,4
229.5,31.7679,20,4
230,31.8164,20,4
230.5,31.8639,20,4
231,31.9103,20,4
231.5,31.9557,20,4
232,32.0002,20,4
232.5,32.0437,20,4
233,32.0862,20,4
233.5,32.1278,20,4
234,32.1685,20,4
234.5,32.2083,20,4
235,32.2473,20,4
235.5,32.2854,20,4
236,32.3226,20,4
236.5,32.3591,20,4
237,32.3948,20,4
237.5,32.4297,20,4
238,32.4638,20,4
238.5,32.4972,20,4
239,32.5299,20,4
239.5,32.5618,20,4
240,32.5931,20,4
240.5,32.6237,20,4
241,32.6536,20,4
241.5,32.6829,20,4
242,32.7115,20,4
242.5,32.7395,20,4
243,32.7669,20,4
243.5,32.7937,20,4
244,32.8199,20,4
244.5,32.8456,20,4
245,32.8707,20,4
245.5,32.8952,20,4
246,32.9193,20,4
246.5,32.9428,20,4
247,32.9657,20,4
247.5,32.9882,20,4
248,33.0102,20,4
248.5,33.0317,20,4
249,33.0528,20,4
249.5,33.0734,20,4
250,33.0935,20,4
250.5,33.1132,20,4
251,33.1325,20,4
251.5,33.1514,20,4
252,33.1698,20,4
252.5,33.1879,20,4
253,33.2055,20,4
253.5,33.2228,20,4
254,33.2397,20,4
254.5,33.2562,20,4
255,33.2724,20,4
255.5,33.2882,20,4
256,33.3037,20,4
256.5,33.3188,20,4
257,33.3336,20,4
257.5,33.3481,20,4
258,33.3623,20,4
258.5,33.3761,20,4
259,33.3897,20,4
259.5,33.403,20,4
260,33.4159,20,4
260.5,33.4286,20,4
261,33.4411,20,4
261.5,33.4532,20,4
262,33.4651,20,4
262.5,33.4767,20,4
263,33.4881,20,4
263.5,33.4992,20,4
264,33.5101,20,4
264.5,33.5208,20,4
265,33.5312,20,4
265.5,33.5414,20,4
266,33.5513,20,4
266.5,33.5611,20,4
267,33.5706,20,4
267.5,33.58,20,4
268,33.5891,20,4
268.5,33.598,20,4
269,33.6068,20,4
269.5,33.6153,20,4
270,33.6237,20,4
270.5,33.6319,20,4
271,33.6399,20,4
271.5,33.6477,20,4
272,33.6554,20,4
272.5,33.6629,20,4
273,33.6702,20,4
273.5,33.6774,20,4
274,33.6844,20,4
274.5,33.6912,20,4
275,33.6979,20,4
275.5,33.7045,20,4
276,33.7109,20,4
276.5,33.7172,20,4
277,33.7234,20,4
277.5,33.7294,20,4
278,33.7353,20,4
278.5,33.741,20,4
279,33.7466,20,4
279.5,33.7522,20,4
280,33.7575,20,4
280.5,33.7628,20,4
281,33.768,20,4
281.5,33.773,20,4
282,33.7779,20,4
282.5,33.7828,20,4
283,33.7875,20,4
283.5,33.7921,20,4
284,33.7966,20,4
284.5,33.8011,20,4
285,33.8054,20,4
285.5,33.8096,20,4
286,33.8138,20,4
286.5,33.8178,20,4
287,33.8218,20,4
287.5,33.8256,20,4
288,33.8294,20,4
288.5,33.8331,20,4
289,33.8368,20,4
289.5,33.8403,20,4
290,33.8438,20,4
290.5,33.8472,20,4
291,33.8505,20,4
291.5,33.8537,20,4
292,33.8569,20,4
292.5,33.86,20,4
293,33.8631,20,4
293.5,33.8661,20,4
294,33.869,20,4
294.5,33.8718,20,4
295,33.8746,20,4
295.5,33.8773,20,4
296,33.88,20,4
296.5,33.8826,20,4
297,33.8852,20,4
297.5,33.8877,20,4
298,33.8901,20,4
298.5,33.8925,20,4
299,33.8948,20,4
299.5,33.8971,20,4
300,33.8993,20,4
300.5,33.9015,20,4
301,33.9037,20,4
301.5,33.9058,20,4
302,33.9078,20,4
302.5,33.9098,20,4
303,33.9118,20,4
303.5,33.9137,20,4
304,33.9156,20,4
304.5,33.9174,20,4
305,33.9192,20,4
305.5,33.921,20,4
306,33.9227,20,4
306.5,33.9244,20,4
307,33.926,20,4
307.5,33.9276,20,4
308,33.9292,20,4
308.5,33.9307,20,4
309,33.9322,20,4
309.5,33.9337,20,4
310,33.9351,20,4
310.5,33.9366,20,4
311,33.9379,20,4
311.5,33.9393,20,4
312,33.9406,20,4
312.5,33.9419,20,4
313,33.9432,20,4
313.5,33.9444,20,4
314,33.9456,20,4
314.5,33.9468,20,4
315,33.9479,20,4
315.5,33.9491,20,4
316,33.9502,20,4
316.5,33.9513,20,4
317,33.9523,20,4
317.5,33.9534,20,4
318,33.9544,20,4
318.5,33.9554,20,4
319,33.9563,20,4
319.5,33.9573,20,4
320,33.9582,20,4
320.5,33.9591,20,4
321,33.96,20,4
321.5,33.9609,20,4
322,33.9617,20,4
322.5,33.9626,20,4
323,33.9634,20,4
323.5,33.9642,20,4
324,33.965,20,4
324.5,33.9657,20,4
325,33.9665,20,4
325.5,33.9672,20,4
326,33.9679,20,4
326.5,33.9686,20,4
327,33.9693,20,4
327.5,33.97,20,4
328,33.9706,20,4
328.5,33.9712,20,4
329,33.9719,20,4
329.5,33.9725,20,4
330,33.9731,20,4
330.5,33.9737,20,4
331,33.9742,20,4
331.5,33.9748,20,4
332,33.9753,20,4
332.5,33.9759,20,4
333,33.9764,20,4
333.5,33.9769,20,4
334,33.9774,20,4
334.5,33.9779,20,4
335,33.9784,20,4
335.5,33.9789,20,4
336,33.9793,20,4
336.5,33.9798,20,4
337,33.9802,20,4
337.5,33.9806,20,4
338,33.9811,20,4
338.5,33.9815,20,4
339,33.9819,20,4
339.5,33.9823,20,4
340,33.9827,20,4
340.5,33.983,20,4
341,33.9834,20,4
341.5,33.9838,20,4
342,33.9841,20,4
342.5,33.9845,20,4
343,33.9848,20,4
343.5,33.9851,20,4
344,33.9855,20,4
344.5,33.9858,20,4
345,33.9861,20,4
345.5,33.9864,20,4
346,33.9867,20,4
346.5,33.987,20,4
347,33.9872,20,4
347.5,33.9875,20,4
348,33.9878,20,4
348.5,33.9881,20,4
349,33.9883,20,4
349.5,33.9886,20,4
350,33.9888,20,4
350.5,33.9891,20,4
351,33.9893,20,4
351.5,33.9895,20,4
352,33.9898,20,4
352.5,33.99,20,4
353,33.9902,20,4
353.5,33.9904,20,4
354,33.9906,20,4
354.5,33.9908,20,4
355,33.991,20,4
355.5,33.9912,20,4
356,33.9914,20,4
356.5,33.9916,20,4
357,33.9918,20,4
357.5,33.992,20,4
358,33.9921,20,4
358.5,33.9923,20,4
359,33.9925,20,4
359.5,33.9926,20,4
360,33.9928,20,4
360.5,33.993,20,4
361,33.9931,20,4
361.5,33.9933,20,4
362,33.9934,20,4
362.5,33.9935,20,4
363,33.9937,20,4
363.5,33.9938,20,4
364,33.994,20,4
364.5,33.9941,20,4
365,33.9942,20,4
365.5,33.9943,20,4
366,33.9945,20,4
366.5,33.9946,20,4
367,33.9947,20,4
367.5,33.9948,20,4
368,33.9949,20,4
368.5,33.995,20,4
369,33.9952,20,4
369.5,33.9953,20,4
370,33.9954,20,4
370.5,33.9955,20,4
371,33.9956,20,4
371.5,33.9957,20,4
372,33.9958,20,4
372.5,33.9958,20,4
373,33.9959,20,4
373.5,33.996,20,4
374,33.9961,20,4
374.5,33.9962,20,4
375,33.9963,20,4
375.5,33.9964,20,4
376,33.9964,20,4
376.5,33.9965,20,4
377,33.9966,20,4
377.5,33.9967,20,4
378,33.9967,20,4
378.5,33.9968,20,4
379,33.9969,20,4
379.5,33.9969,20,4
380,33.997,20,4
380.5,33.9971,20,4
381,33.9971,20,4
381.5,33.9972,20,4
382,33.9973,20,4
382.5,33.9973,20,4
383,33.9974,20,4
383.5,33.9974,20,4
384,33.9975,20,4
384.5,33.9975,20,4
385,33.9976,20,4
385.5,33.9977,20,4
386,33.9977,20,4
386.5,33.9978,20,4
387,33.9978,20,4
387.5,33.9979,20,4
388,33.9979,20,4
388.5,33.9979,20,4
389,33.998,20,4
389.5,33.998,20,4
390,33.9981,20,4
390.5,33.9981,20,4
391,33.9982,20,4
391.5,33.9982,20,4
392,33.9982,20,4
392.5,33.9983,20,4
393,33.9983,20,4
393.5,33.9983,20,4
394,33.9984,20,4
394.5,33.9984,20,4
395,33.9985,20,4
395.5,33.9985,20,4
396,33.9985,20,4
396.5,33.9986,20,4
397,33.9986,20,4
397.5,33.9986,20,4
398,33.9986,20,4
398.5,33.9987,20,4
399,33.9987,20,4
399.5,33.9987,20,4
400,33.9988,20,4
400.5,33.9988,20,1
401,33.9988,20,1
401.5,33.9988,20,1
402,33.9989,20,1
402.5,33.9989,20,1
403,33.9989,20,1
403.5,33.8847,20,1
404,33.659,20,1
404.5,33.4381,20,1
405,33.2221,20,1
405.5,33.0107,20,1
406,32.804,20,1
406.5,32.6017,20,1
407,32.4038,20,1
407.5,32.2103,20,1
408,32.0209,20,1
408.5,31.8357,20,1
409,31.6545,20,1
409.5,31.4772,20,1
410,31.3038,20,1
410.5,31.1341,20,1
411,30.9682,20,1
411.5,30.8058,20,1
412,30.647,20,1
412.5,30.4916,20,1
413,30.3397,20,1
413.5,30.191,20,1
414,30.0455,20,1
414.5,29.9032,20,1
415,29.764,20,1
415.5,29.6278,20,1
416,29.4946,20,1
416.5,29.3643,20,1
417,29.2368,20,1
417.5,29.1121,20,1
418,28.9901,20,1
418.5,28.8708,20,1
419,28.754,20,1
419.5,28.6398,20,1
420,28.528,20,1
420.5,28.4187,20,1
421,28.3118,20,1
421.5,28.2072,20,1
422,28.1049,20,1
422.5,28.0048,20,1
423,27.9068,20,1
423.5,27.811,20,1
424,27.7173,20,1
424.5,27.6256,20,1
425,27.536,20,1
425.5,27.4482,20,1
426,27.3624,20,1
426.5,27.2784,20,1
427,27.1963,20,1
427.5,27.1159,20,1
428,27.0373,20,1
428.5,26.9604,20,1
429,26.8852,20,1
429.5,26.8116,20,1
430,26.7396,20,1
430.5,26.6692,20,1
431,26.6003,20,1
431.5,26.5329,20,1
432,26.467,20,1
432.5,26.4025,20,1
433,26.3394,20,1
433.5,26.2776,20,1
434,26.2173,20,1
434.5,26.1582,20,1
435,26.1004,20,1
435.5,26.0439,20,1
436,25.9886,20,1
436.5,25.9345,20,1
437,25.8815,20,1
437.5,25.8298,20,1
438,25.7791,20,1
438.5,25.7296,20,1
439,25.6811,20,1
439.5,25.6337,20,1
440,25.5873,20,1
440.5,25.5419,20,1
441,25.4975,20,1
441.5,25.4541,20,1
442,25.4116,20,1
442.5,25.3701,20,1
443,25.3294,20,1
443.5,25.2897,20,1
444,25.2508,20,1
444.5,25.2127,20,1
445,25.1755,20,1
445.5,25.139,20,1
446,25.1034,20,1
446.5,25.0685,20,1
447,25.0344,20,1
447.5,25.0011,20,1
448,24.9685,20,1
448.5,24.9365,20,1
449,24.9053,20,1
449.5,24.8748,20,1
450,24.8449,20,1
450.5,24.8156,20,1
451,24.787,20,1
451.5,24.7591,20,1
452,24.7317,20,1
452.5,24.7049,20,1
453,24.6787,20,1
453.5,24.6531,20,1
454,24.628,20,1
454.5,24.6035,20,1
455,24.5795,20,1
455.5,24.556,20,1
456,24.5331,20,1
456.5,24.5106,20,1
457,24.4887,20,1
457.5,24.4672,20,1
458,24.4461,20,1
458.5,24.4256,20,1
459,24.4055,20,1
459.5,24.3858,20,1
460,24.3665,20,1
460.5,24.3477,20,1
461,24.3292,20,1
461.5,24.3112,20,1
462,24.2936,20,1
462.5,24.2763,20,1
463,24.2595,20,1
463.5,24.2429,20,1
464,24.2268,20,1
464.5,24.211,20,1
465,24.1955,20,1
465.5,24.1804,20,1
466,24.1656,20,1
466.5,24.1512,20,1
467,24.137,20,1
467.5,24.1232,20,1
468,24.1096,20,1
468.5,24.0964,20,1
469,24.0834,20,1
469.5,24.0707,20,1
470,24.0583,20,1
470.5,24.0462,20,1
471,24.0343,20,1
471.5,24.0227,20,1
472,24.0113,20,1
472.5,24.0002,20,1
473,23.9893,20,1
473.5,23.9787,20,1
474,23.9683,20,1
474.5,23.9581,20,1
475,23.9481,20,1
475.5,23.9384,20,1
476,23.9289,20,1
476.5,23.9195,20,1
477,23.9104,20,1
477.5,23.9015,20,1
478,23.8928,20,1
478.5,23.8842,20,1
479,23.8759,20,1
479.5,23.8677,20,1
480,23.8597,20,1
480.5,23.8519,20,1
481,23.8442,20,1
481.5,23.8368,20,1
482,23.8294,20,1
482.5,23.8223,20,1
483,23.8153,20,1
483.5,23.8084,20,1
484,23.8017,20,1
484.5,23.7952,20,1
485,23.7887,20,1
485.5,23.7825,20,1
486,23.7763,20,1
486.5,23.7703,20,1
487,23.7644,20,1
487.5,23.7587,20,1
488,23.7531,20,1
488.5,23.7476,20,1
489,23.7422,20,1
489.5,23.7369,20,1
490,23.7318,20,1
490.5,23.7267,20,1
491,23.7218,20,1
491.5,23.717,20,1
492,23.7123,20,1
492.5,23.7076,20,1
493,23.7031,20,1
493.5,23.6987,20,1
494,23.6944,20,1
494.5,23.6902,20,1
495,23.686,20,1
495.5,23.682,20,1
496,23.678,20,1
496.5,23.6742,20,1
497,23.6704,20,1
497.5,23.6667,20,1
498,23.6631,20,1
498.5,23.6595,20,1
499,23.656,20,1
499.5,23.6526,20,1
500,23.6493,20,1
500.5,23.6461,20,1
501,23.6429,20,1
501.5,23.6398,20,1
502,23.6368,20,1
502.5,23.6338,20,1
503,23.6309,20,1
503.5,23.628,20,1
504,23.6253,20,1
504.5,23.6225,20,1
505,23.6199,20,1
505.5,23.6173,20,1
506,23.6147,20,1
506.5,23.6122,20,1
507,23.6098,20,1
507.5,23.6074,20,1
508,23.6051,20,1
508.5,23.6028,20,1
509,23.6005,20,1
509.5,23.5984,20,1
510,23.5962,20,1
510.5,23.5941,20,1
511,23.592,20,1
511.5,23.59,20,1
512,23.588,20,1
512.5,23.5861,20,1
513,23.5842,20,1
513.5,23.5824,20,1
514,23.5805,20,1
514.5,23.5788,20,1
515,23.577,20,1
515.5,23.5754,20,1
516,23.5737,20,1
516.5,23.5721,20,1
517,23.5705,20,1
517.5,23.5689,20,1
518,23.5674,20,1
518.5,23.5659,20,1
519,23.5645,20,1
519.5,23.5631,20,1
520,23.5617,20,1
520.5,23.5603,20,1
521,23.559,20,1
521.5,23.5577,20,1
522,23.5564,20,1
522.5,23.5552,20,1
523,23.554,20,1
523.5,23.5528,20,1
524,23.5516,20,1
524.5,23.5505,20,1
525,23.5494,20,1
525.5,23.5483,20,1
526,23.5472,20,1
526.5,23.5462,20,1
527,23.5452,20,1
527.5,23.5442,20,1
528,23.5432,20,1
528.5,23.5423,20,1
529,23.5413,20,1
529.5,23.5404,20,1
530,23.5395,20,1
530.5,23.5387,20,1
531,23.5378,20,1
531.5,23.537,20,1
532,23.5362,20,1
532.5,23.5354,20,1
533,23.5346,20,1
533.5,23.5338,20,1
534,23.5331,20,1
534.5,23.5324,20,1
535,23.5317,20,1
535.5,23.531,20,1
536,23.5303,20,1
536.5,23.5296,20,1
537,23.529,20,1
537.5,23.5283,20,1
538,23.5277,20,1
538.5,23.5271,20,1
539,23.5265,20,1
539.5,23.5259,20,1
540,23.5254,20,1
540.5,23.5248,20,1
541,23.5242,20,1
541.5,23.5237,20,1
542,23.5232,20,1
542.5,23.5227,20,1
543,23.5222,20,1
543.5,23.5217,20,1
544,23.5212,20,1
544.5,23.5208,20,1
545,23.5203,20,1
545.5,23.5199,20,1
546,23.5194,20,1
546.5,23.519,20,1
547,23.5186,20,1
547.5,23.5182,20,1
548,23.5178,20,1
548.5,23.5174,20,1
549,23.517,20,1
549.5,23.5166,20,1
550,23.5163,20,1
550.5,23.5159,20,1
551,23.5155,20,1
551.5,23.5152,20,1
552,23.5149,20,1
552.5,23.5145,20,1
553,23.5142,20,1
553.5,23.5139,20,1
554,23.5136,20,1
554.5,23.5133,20,1
555,23.513,20,1
555.5,23.5127,20,1
556,23.5124,20,1
556.5,23.5122,20,1
557,23.5119,20,1
557.5,23.5116,20,1
558,23.5114,20,1
558.5,23.5111,20,1
559,23.5109,20,1
559.5,23.5107,20,1
560,23.5104,20,1
560.5,23.5102,20,1
561,23.51,20,1
561.5,23.5097,20,1
562,23.5095,20,1
562.5,23.5093,20,1
563,23.5091,20,1
563.5,23.5089,20,1
564,23.5087,20,1
564.5,23.5085,20,1
565,23.5083,20,1
565.5,23.5082,20,1
566,23.508,20,1
566.5,23.5078,20,1
567,23.5076,20,1
567.5,23.5075,20,1
568,23.5073,20,1
568.5,23.5071,20,1
569,23.507,20,1
569.5,23.5068,20,1
570,23.5067,20,1
570.5,23.5065,20,1
571,23.5064,20,1
571.5,23.5062,20,1
572,23.5061,20,1
572.5,23.506,20,1
573,23.5058,20,1
573.5,23.5057,20,1
574,23.5056,20,1
574.5,23.5055,20,1
575,23.5053,20,1
575.5,23.5052,20,1
576,23.5051,20,1
576.5,23.505,20,1
577,23.5049,20,1
577.5,23.5048,20,1
578,23.5047,20,1
578.5,23.5046,20,1
579,23.5045,20,1
579.5,23.5044,20,1
580,23.5043,20,1
580.5,23.5042,20,1
581,23.5041,20,1
581.5,23.504,20,1
582,23.5039,20,1
582.5,23.5038,20,1
583,23.5037,20,1
583.5,23.5037,20,1
584,23.5036,20,1
584.5,23.5035,20,1
585,23.5034,20,1
585.5,23.5034,20,1
586,23.5033,20,1
586.5,23.5032,20,1
587,23.5031,20,1
587.5,23.5031,20,1
588,23.503,20,1
588.5,23.5029,20,1
589,23.5029,20,1
589.5,23.5028,20,1
590,23.5027,20,1
590.5,23.5027,20,1
591,23.5026,20,1
591.5,23.5026,20,1
592,23.5025,20,1
592.5,23.5025,20,1
593,23.5024,20,1
593.5,23.5023,20,1
594,23.5023,20,1
594.5,23.5022,20,1
595,23.5022,20,1
595.5,23.5021,20,1
596,23.5021,20,1
596.5,23.5021,20,1
597,23.502,20,1
597.5,23.502,20,1
598,23.5019,20,1
598.5,23.5019,20,1
599,23.5018,20,1
599.5,23.5018,20,1
600,23.5018,20,1
