time,T_Out,T_amb,u
0,20,20,1
0.5,20.07526729957764,20,3
1,20.14891812947989,20,3
1.5,20.22098469942151,20,3
2,20.29149979509758,20,3
2.5,20.36049652474515,20,3
3,20.42801641499747,20,3
3.5,20.64455838053635,20,3
4,20.85650489337692,20,3
4.5,21.063895133521,20,3
5,21.26682533188035,20,3
5.5,21.46538426073434,20,3
6,21.65966739011235,20,3
6.5,21.84977043195736,20,3
7,22.03578636338095,20,3
7.5,22.21780312249111,20,3
8,22.39590384703883,20,3
8.5,22.57017435756799,20,3
9,22.74069857906478,20,3
9.5,22.90755464374212,20,3
10,23.0708225461866,20,3
10.5,23.23058010550095,20,3
11,23.38690187587537,20,3
11.5,23.53986227063735,20,3
12,23.68953455423678,20,3
12.5,23.83598981160429,20,3
13,23.97929623460586,20,3
13.5,24.11952134943832,20,3
14,24.25673106789139,20,3
14.5,24.39099067125421,20,3
15,24.52236374217333,20,3
15.5,24.65091208162664,20,3
16,24.77669552609046,20,3
16.5,24.89977330056042,20,3
17,25.02020417989999,20,3
17.5,25.13804537997775,20,3
18,25.25335234159845,20,3
18.5,25.36617962834663,20,3
19,25.47658049468771,20,3
19.5,25.58460705925822,20,3
20,25.69031110655941,20,3
20.5,25.79374245366682,20,3
21,25.8949500431145,20,3
21.5,25.99398168805472,20,3
22,26.09088407225801,20,3
22.5,26.18570309841551,20,3
23,26.27848353417558,20,3
23.5,26.36926865195968,20,3
24,26.45810081730669,20,3
24.5,26.54502129028456,20,3
25,26.6300745321349,20,3
25.5,26.71329934771491,20,3
26,26.79473442050498,20,3
26.5,26.87441786692106,20,3
27,26.95238723221924,20,3
27.5,27.02868064990042,20,3
28,27.10333287538853,20,3
28.5,27.17637870317614,20,3
29,27.24785208699435,20,3
29.5,27.31779034918655,20,3
30,27.38622473841995,20,3
30.5,27.45318758188913,20,3
31,27.51871044186237,20,3
31.5,27.58282439275764,20,3
32,27.64555950878286,20,3
32.5,27.70694511562333,20,3
33,27.76700982533991,20,3
33.5,27.82578306014884,20,3
34,27.88329307584044,20,3
34.5,27.93956639615945,20,3
35,27.99462949599779,20,3
35.5,28.0485084740862,20,3
36,28.10122900559446,20,3
36.5,28.15281559498798,20,3
37,28.20329235567657,20,3
37.5,28.25268315205493,20,3
38,28.30101260670694,20,3
38.5,28.34830275476543,20,3
39,28.39457584537232,20,3
39.5,28.43985360023666,20,3
40,28.48415779631935,20,3
40.5,28.52750905343119,20,3
41,28.56992773389017,20,3
41.5,28.61143372301281,20,3
42,28.65204713379002,20,3
42.5,28.69178712322591,20,3
43,28.73067249164001,20,3
43.5,28.76872176097443,20,3
44,28.80595261332305,20,3
44.5,28.84238246240707,20,3
45,28.87802863581159,20,3
45.5,28.912907905635,20,3
46,28.94703691483087,20,3
46.5,28.98043217338748,20,3
47,29.0131094245486,20,3
47.5,29.04508430681665,20,3
48,29.07637194683184,20,3
48.5,29.10698634419617,20,3
49,29.13694225930916,20,3
49.5,29.16625368099717,20,3
50,29.19493428661341,20,3
50.5,29.22299868259796,20,3
51,29.250459778469,20,3
51.5,29.27733074907116,20,3
52,29.3036245549761,20,3
52.5,29.32935257775816,20,3
53,29.35452704038387,20,3
53.5,29.3791597379782,20,3
54,29.40326199357647,20,3
54.5,29.42684597992492,20,3
55,29.44992330800607,20,3
55.5,29.47250478639574,20,3
56,29.49460145885649,20,3
56.5,29.51622328498824,20,3
57,29.53737932827012,20,3
57.5,29.5580799562007,20,3
58,29.57833454658992,20,3
58.5,29.5981527392292,20,3
59,29.61754578112733,20,3
59.5,29.63652224747275,20,3
60,29.65509160096488,20,3
60.5,29.67326310905196,20,3
61,29.6910430910323,20,3
61.5,29.70844093229763,20,3
62,29.72546460084046,20,3
62.5,29.74212177592167,20,3
63,29.75842123882913,20,3
63.5,29.77437036501971,20,3
64,29.7899765278309,20,3
64.5,29.80524706666858,20,3
65,29.82018901845582,20,3
65.5,29.83480931826981,20,3
66,29.84911481726885,20,3
66.5,29.8631121683097,20,3
67,29.87680814371577,20,3
67.5,29.89020955853055,20,3
68,29.90332273699908,20,3
68.5,29.91615410862744,20,3
69,29.92870974669446,20,3
69.5,29.94099480266114,20,3
70,29.95301546069734,20,3
70.5,29.96477730320962,20,3
71,29.97628581447818,20,3
71.5,29.98754729162531,20,3
72,29.99856682642292,20,3
72.5,30.00934982814273,20,3
73,30.01990164438061,20,3
73.5,30.03022625919508,20,3
74,30.04032868438383,20,3
74.5,30.0502135466581,20,3
75,30.05988518882577,20,3
75.5,30.06934902159419,20,3
76,30.07860985628603,20,3
76.5,30.0876719612528,20,3
77,30.09653993008597,20,3
77.5,30.10521748920665,20,3
78,30.11370796020639,20,3
78.5,30.12201577604915,20,3
79,30.130144718716,20,3
79.5,30.13809867031846,20,3
80,30.14588188220661,20,3
80.5,30.15349771291492,20,3
81,30.16094974778895,20,3
81.5,30.16824149022751,20,3
82,30.17537637725439,20,3
82.5,30.18235774079972,20,3
83,30.18918883789113,20,3
83.5,30.19587284276008,20,3
84,30.20241325261704,20,3
84.5,30.20881306663614,20,3
85,30.21507531329531,20,3
85.5,30.22120297995211,20,3
86,30.22719898773728,20,3
86.5,30.23306619155469,20,3
87,30.23880738008141,20,3
87.5,30.24442527576767,20,3
88,30.24992244091911,20,3
88.5,30.25530140055986,20,3
89,30.26056472258295,20,3
89.5,30.26571484006128,20,3
90,30.27075411770643,20,3
90.5,30.2756848518686,20,3
91,30.28050927053668,20,3
91.5,30.2852295576462,20,3
92,30.28984905208703,20,3
92.5,30.29436912348311,20,3
93,30.29879185244261,20,3
93.5,30.30311926138454,20,3
94,30.30735331453889,20,3
94.5,30.31149591794649,20,3
95,30.31554891945914,20,3
95.5,30.31951485809666,20,3
96,30.32339592969658,20,3
96.5,30.32719342044646,20,3
97,30.33090910047573,20,3
97.5,30.33454469321164,20,3
98,30.33810187537929,20,3
98.5,30.34158227700159,20,3
99,30.34498750424885,20,3
99.5,30.34832010302608,20,3
100,30.35158103021871,20,3
100.5,30.35477276163226,20,1
101,30.35789615299945,20,1
101.5,30.36095346460022,20,1
102,30.3639448560865,20,1
102.5,30.36687115788304,20,1
103,30.36973437775326,20,1
103.5,30.22202098413004,20,1
104,30.07745915945906,20,1
104.5,29.9359999937807,20,1
105,29.79758214991516,20,1
105.5,29.66214545549143,20,1
106,29.52962720746456,20,1
106.5,29.39996402964415,20,1
107,29.27309267908781,20,1
107.5,29.14894909506667,20,1
108,29.02747479119737,20,1
108.5,28.90861222880233,20,1
109,28.79230582752327,20,1
109.5,28.6784992134696,20,1
110,28.56714072114368,20,1
110.5,28.45817567983957,20,1
111,28.35155480448668,20,1
111.5,28.24722574182065,20,1
112,28.14514105002138,20,1
112.5,28.04525058942393,20,1
113,27.94750841451686,20,1
113.5,27.85186762078105,20,1
114,27.75828279716737,20,1
114.5,27.66670990815446,20,1
115,27.5771061080337,20,1
115.5,27.48942916459665,20,1
116,27.4036380883676,20,1
116.5,27.31969140612138,20,1
117,27.23754959982448,20,1
117.5,27.15717433290031,20,1
118,27.07852792573876,20,1
118.5,27.00157216481315,20,1
119,26.92627136940262,20,1
119.5,26.85259017076091,20,1
120,26.78049379869338,20,1
120.5,26.70994734230021,20,1
121,26.64091805647727,20,1
121.5,26.57337349909345,20,1
122,26.50728154708347,20,1
122.5,26.4426105550166,20,1
123,26.37933038353311,20,1
123.5,26.31741130926273,20,1
124,26.25682379703595,20,1
124.5,26.19753915036389,20,1
125,26.139529518761,20,1
125.5,26.0827675325527,20,1
126,26.02722622676169,20,1
126.5,25.9728793745288,20,1
127,25.91970125318551,20,1
127.5,25.86766668910171,20,1
128,25.81675121456469,20,1
128.5,25.76693067330003,20,1
129,25.71818149174915,20,1
129.5,25.67048062440759,20,1
130,25.62380555879118,20,1
130.5,25.5781331935512,20,2
131,25.53344076003394,20,2
131.5,25.48970534301706,20,2
132,25.44691036178529,20,2
132.5,25.40503402598331,20,2
133,25.36409161125569,20,2
133.5,25.39924367487384,20,2
134,25.43366922328135,20,2
134.5,25.46735715252122,20,2
135,25.50032114421971,20,2
135.5,25.53257684924392,20,2
136,25.56413897474589,20,2
136.5,25.59502028670656,20,2
137,25.62523539156163,20,2
137.5,25.6547987937766,20,2
138,25.68372531388208,20,2
138.5,25.71202916309111,20,2
139,25.7397247725056,20,2
139.5,25.76682522142412,20,2
140,25.79334227472855,20,2
140.5,25.81928974307348,20,2
141,25.8446783929555,20,2
141.5,25.86952049399438,20,2
142,25.89382851553097,20,2
142.5,25.91761324548154,20,2
143,25.94088703249699,20,2
143.5,25.96366067717435,20,2
144,25.98594363950316,20,2
144.5,26.00774777898215,20,2
145,26.0290828602953,20,2
145.5,26.0499591586927,20,2
146,26.07038746357109,20,2
146.5,26.09037655758418,20,2
147,26.10993650147853,20,2
147.5,26.12907656954552,20,2
148,26.14780532461593,20,2
148.5,26.16613157582654,20,2
149,26.18406368782279,20,2
149.5,26.20160974737026,20,2
150,26.2187775633548,20,2
150.5,26.2355773818342,20,2
151,26.25201619025628,20,2
151.5,26.26810160612643,20,2
152,26.28384122004353,20,2
152.5,26.29924244690701,20,2
153,26.31431249357527,20,2
153.5,26.32905844213502,20,2
154,26.34348718272606,20,2
154.5,26.35760543162749,20,2
155,26.37142026994318,20,2
155.5,26.38493821286358,20,2
156,26.39816551780264,20,2
156.5,26.41110841172251,20,2
157,26.42377296994961,20,2
157.5,26.4361651161746,20,2
158,26.44829094782785,20,2
158.5,26.46015614843424,20,2
159,26.4717661756221,20,2
159.5,26.4831264393653,20,2
160,26.4942422071726,20,2
160.5,26.50511860408763,20,2
161,26.51576135173649,20,2
161.5,26.52617547367215,20,2
162,26.53636558296926,20,2
162.5,26.54633642825951,20,2
163,26.55609263360549,20,2
163.5,26.56563869850072,20,2
164,26.57497966756884,20,2
164.5,26.5841200223879,20,2
165,26.59306377091808,20,2
165.5,26.60181509081911,20,2
166,26.61037805094179,20,2
166.5,26.618756611328,20,2
167,26.62695513574892,20,2
167.5,26.63497760855171,20,2
168,26.64282754597179,20,2
168.5,26.65050861702207,20,2
169,26.65802439482951,20,2
169.5,26.6653783566351,20,2
170,26.67257428713611,20,2
170.5,26.67961571982515,20,2
171,26.68650572781324,20,2
171.5,26.69324752643578,20,2
172,26.69984424607855,20,2
172.5,26.7062989321776,20,2
173,26.71261482083303,20,2
173.5,26.71879504401159,20,2
174,26.72484234561296,20,2
174.5,26.73075957921901,20,2
175,26.73654953734158,20,2
175.5,26.74221495305749,20,2
176,26.74775850959371,20,2
176.5,26.75318283500141,20,2
177,26.75849049203191,20,2
177.5,26.76368399698432,20,2
178,26.76876581564499,20,2
178.5,26.77373836497395,20,2
179,26.77860394615438,20,2
179.5,26.78336479095372,20,2
180,26.78802320062103,20,2
180.5,26.79258137042508,20,2
181,26.79704144821438,20,2
181.5,26.80140553562009,20,2
182,26.8056756892589,20,2
182.5,26.80985392193592,20,2
183,26.81394220384751,20,2
183.5,26.81794246378421,20,2
184,26.82185659033357,20,2
184.5,26.82568643308309,20,2
185,26.82943384979984,20,2
185.5,26.8331006801107,20,2
186,26.83668861658323,20,2
186.5,26.8401993783576,20,2
187,26.84363465318732,20,2
187.5,26.84699609872505,20,2
188,26.85028534380841,20,2
188.5,26.85350398974571,20,2
189,26.8566536116018,20,2
189.5,26.85973575948378,20,2
190,26.86275190439065,20,2
190.5,26.86570246426188,20,2
191,26.8685895745141,20,2
191.5,26.87141459939925,20,2
192,26.87417887387889,20,2
192.5,26.87688370440204,20,2
193,26.879530369683,20,2
193.5,26.88212012147913,20,2
194,26.8846541853687,20,2
194.5,26.88713376152867,20,2
195,26.88956002551252,20,2
195.5,26.89193411954227,20,2
196,26.89425717359761,20,2
196.5,26.89653029586561,20,2
197,26.8987545700187,20,2
197.5,26.90093105887875,20,2
198,26.90306080518998,20,2
198.5,26.90514483239173,20,2
199,26.90718414539125,20,2
199.5,26.90917973133657,20,2
200,26.91113256038927,20,2
200.5,26.9130436435821,20,4
201,26.91491380744398,20,4
201.5,26.91674440534162,20,4
202,26.91853553286825,20,4
202.5,26.92028768724965,20,4
203,26.92200211044772,20,4
203.5,27.07419559056668,20,4
204,27.22314024952071,20,4
204.5,27.36888667286349,20,4
205,27.51149823737559,20,4
205.5,27.65103859199825,20,4
206,27.78757182202693,20,4
206.5,27.92116465018324,20,4
207,28.05188265353981,20,4
207.5,28.17979112911158,20,4
208,28.30494861051642,20,4
208.5,28.42741564494983,20,4
209,28.54724683160273,20,4
209.5,28.66450084467364,20,4
210,28.77923453875947,20,4
210.5,28.89150071011099,20,4
211,29.00135182803007,20,4
211.5,29.10884053235043,20,4
212,29.21401946155385,20,4
212.5,29.31693503880856,20,4
213,29.41763806452714,20,4
213.5,29.51617645683011,20,4
214,29.61259787778828,20,4
214.5,29.7069464639861,20,4
215,29.79926678243848,20,4
215.5,29.88960205582865,20,4
216,29.97799483370424,20,4
216.5,30.06448730691303,20,4
217,30.14912039221863,20,4
217.5,30.23193437470648,20,4
218,30.31296697365854,20,4
218.5,30.39225663224385,20,4
219,30.46984033814511,20,4
219.5,30.54575548405544,20,4
220,30.62003835917857,20,4
220.5,30.69272368861764,20,4
221,30.76384584778269,20,4
221.5,30.83343851771625,20,4
222,30.90153447789976,20,4
222.5,30.96816579801513,20,4
223,31.03336464818452,20,4
223.5,31.09716157020589,20,4
224,31.15958668214902,20,4
224.5,31.22066938757373,20,4
225,31.2804385948449,20,4
225.5,31.33892321287403,20,4
226,31.39615037130011,20,4
226.5,31.45214694992352,20,4
227,31.50693915673975,20,4
227.5,31.56055329838059,20,4
228,31.61301533516011,20,4
228.5,31.66434930377623,20,4
229,31.71457921922852,20,4
229.5,31.76372848102322,20,4
230,31.81182132729149,20,4
230.5,31.85888052911001,20,4
231,31.90492768074557,20,4
231.5,31.94998428794445,20,4
232,31.99407130167356,20,4
232.5,32.03721110823544,20,4
233,32.07942335393901,20,4
233.5,32.12072767051851,20,4
234,32.16114335140517,20,4
234.5,32.20068935762054,20,4
235,32.23938578354704,20,4
235.5,32.2772499770581,20,4
236,32.31429969129861,20,4
236.5,32.3505522338248,20,4
237,32.38602476500233,20,4
237.5,32.42073458828184,20,4
238,32.45469764993907,20,4
238.5,32.48792992192491,20,4
239,32.52044702015012,20,4
239.5,32.55226454317462,20,4
240,32.58339779868969,20,4
240.5,32.61386143432978,20,4
241,32.64367000272274,20,4
241.5,32.67283779403766,20,4
242,32.70137797061452,20,4
242.5,32.72930402081364,20,4
243,32.75662927554484,20,4
243.5,32.78336657878559,20,4
244,32.80952847359439,20,4
244.5,32.83512813885704,20,4
245,32.86017744370766,20,4
245.5,32.88468837688553,20,4
246,32.90867272883959,20,4
246.5,32.9321418551316,20,4
247,32.95510569801907,20,4
247.5,32.97757558747443,20,4
248,32.99956194627101,20,4
248.5,33.02107490943177,20,4
249,33.04212499406211,20,4
249.5,33.06272316187118,20,4
250,33.08287870617374,20,4
250.5,33.10260140440408,20,4
251,33.12190090272104,20,4
251.5,33.14078529397737,20,4
252,33.15926284959979,20,4
252.5,33.17734259126556,20,4
253,33.19503270356419,20,4
253.5,33.21234109706637,20,4
254,33.22927758522129,20,4
254.5,33.24584988777028,20,4
255,33.262065737981,20,4
255.5,33.27793305758188,20,4
256,33.29345962618841,20,4
256.5,33.30865148209125,20,4
257,33.32351656466754,20,4
257.5,33.33806192576356,20,4
258,33.35229446136766,20,4
258.5,33.36622098332267,20,4
259,33.37984836036603,20,4
259.5,33.39318301767493,20,4
260,33.40623137707369,20,4
260.5,33.41899974057687,20,4
261,33.43149387194804,20,4
261.5,33.44371921390204,20,4
262,33.45568168458833,20,4
262.5,33.46738673377,20,4
263,33.4788396305697,20,4
263.5,33.49004654837308,20,4
264,33.50101296294617,20,4
264.5,33.51174386174969,20,4
265,33.52224447091178,20,4
265.5,33.53251995893227,20,4
266,33.54257386275072,20,4
266.5,33.5524112401847,20,4
267,33.56203661404574,20,4
267.5,33.57145425680834,20,4
268,33.5806685026847,20,4
268.5,33.58968546305876,20,4
269,33.59850871680289,20,4
269.5,33.60714274986944,20,4
270,33.61559205574856,20,4
270.5,33.62386040452531,20,4
271,33.63195030824618,20,4
271.5,33.6398663935306,20,4
272,33.64761225475642,20,4
272.5,33.65519134441546,20,4
273,33.66260754240643,20,4
273.5,33.66986461169716,20,4
274,33.67696564829716,20,4
274.5,33.68391396042552,20,4
275,33.69071278048688,20,4
275.5,33.69736526023296,20,4
276,33.70387448491929,20,4
276.5,33.71024347083617,20,4
277,33.71647516531993,20,4
277.5,33.72257245023993,20,4
278,33.72853844603035,20,4
278.5,33.73437587416142,20,4
279,33.74008753925843,20,4
279.5,33.74567621280106,20,4
280,33.7511446359041,20,4
280.5,33.75649552341308,20,4
281,33.76173156799989,20,4
281.5,33.76685544425838,20,4
282,33.77186981279993,20,4
282.5,33.77677632540251,20,4
283,33.78157631632861,20,4
283.5,33.78627308413926,20,4
284,33.79086883690757,20,4
284.5,33.79536572570406,20,4
285,33.79976584467877,20,4
285.5,33.80407123114333,20,4
286,33.80828386565304,20,4
286.5,33.81240583252906,20,4
287,33.81643957764209,20,4
287.5,33.82038661803181,20,4
288,33.82424881837407,20,4
288.5,33.82802800168209,20,4
289,33.83172595023239,20,4
289.5,33.83534440649085,20,4
290,33.83888507403856,20,4
290.5,33.84234964891881,20,4
291,33.84573975169351,20,4
291.5,33.84905697643121,20,4
292,33.85230288608113,20,4
292.5,33.8554790100503,20,4
293,33.8585868451682,20,4
293.5,33.8616278566513,20,4
294,33.86460345707756,20,4
294.5,33.86751503296068,20,4
295,33.87036396992026,20,4
295.5,33.87315160866905,20,4
296,33.87587926211878,20,4
296.5,33.87854821628853,20,4
297,33.88115973121322,20,4
297.5,33.88371504185207,20,4
298,33.88621535899696,20,4
298.5,33.88866187018092,20,4
299,33.89105574058654,20,4
299.5,33.89339811395443,20,4
300,33.8956901134916,20,4
300.5,33.89793284277998,20,4
301,33.90012738668478,20,4
301.5,33.90227436094524,20,4
302,33.90437495158582,20,4
302.5,33.90643026592402,20,4
303,33.90844128139439,20,4
303.5,33.91040895725693,20,4
304,33.9123342353356,20,4
304.5,33.91421804075706,20,4
305,33.91606128268943,20,4
305.5,33.91786485508077,20,4
306,33.91962963739792,20,4
306.5,33.92135649536515,20,4
307,33.92304628170282,20,4
307.5,33.92469983686598,20,4
308,33.92631798978321,20,4
308.5,33.92790151623831,20,4
309,33.9294501124058,20,4
309.5,33.93096536849817,20,4
310,33.9324480189466,20,4
310.5,33.93389878565828,20,4
311,33.93531837858185,20,4
311.5,33.93670749627299,20,4
312,33.93806682645985,20,4
312.5,33.93939704660858,20,4
313,33.94069882448883,20,4
313.5,33.94197281873925,20,4
314,33.94321967943299,20,4
314.5,33.94444004864317,20,4
315,33.94563456100847,20,4
315.5,33.9468026293489,20,4
316,33.94794531829039,20,4
316.5,33.94906346135937,20,4
317,33.95015758966841,20,4
317.5,33.95122822355077,20,4
318,33.95227587291735,20,4
318.5,33.95330103761366,20,4
319,33.95430420777674,20,4
319.5,33.95528586419208,20,4
320,33.95624647865064,20,4
320.5,33.95718651430571,20,4
321,33.95810642602991,20,4
321.5,33.95900666077214,20,4
322,33.959887470174,20,4
322.5,33.96074921535663,20,4
323,33.96159245132241,20,4
323.5,33.96241757806114,20,4
324,33.96322498795598,20,4
324.5,33.9640150660915,20,4
325,33.96478819056141,20,4
325.5,33.96554473277661,20,4
326,33.966285057773,20,4
326.5,33.96700952451939,20,4
327,33.96771848622551,20,4
327.5,33.96841229064974,20,4
328,33.96909128040717,20,4
328.5,33.96975567796913,20,4
329,33.97040551801673,20,4
329.5,33.97104138361395,20,4
330,33.97166357584057,20,4
330.5,33.97227239024409,20,4
331,33.97286811708135,20,4
331.5,33.97345104156,20,4
332,33.97402144408021,20,4
332.5,33.97457960047618,20,4
333,33.97512578225767,20,4
333.5,33.97566025685172,20,4
334,33.97618328784408,20,4
334.5,33.97669513522092,20,4
335,33.97719605456237,20,4
335.5,33.97768591121605,20,4
336,33.97816522235893,20,4
336.5,33.97863421712167,20,4
337,33.9790931206999,20,4
337.5,33.97954215454167,20,4
338,33.97998153653495,20,4
338.5,33.9804114811951,20,4
339,33.9808321998523,20,4
339.5,33.98124390083908,20,4
340,33.98164678967774,20,4
340.5,33.98204106926786,20,4
341,33.98242694007377,20,4
341.5,33.98280460031199,20,4
342,33.98317395115831,20,4
342.5,33.98353526998957,20,4
343,33.98388881695212,20,4
343.5,33.98423476198666,20,4
344,33.98457327204917,20,4
344.5,33.98490451124121,20,4
345,33.98522864094006,20,4
345.5,33.98554581992914,20,4
346,33.98585620452807,20,4
346.5,33.98615994872312,20,4
347,33.98645720429732,20,4
347.5,33.98674812096077,20,4
348,33.98703284648093,20,4
348.5,33.98731140215239,20,4
349,33.98758386234444,20,4
349.5,33.98785047038859,20,4
350,33.98811135358086,20,4
350.5,33.98836663680512,20,4
351,33.98861644262475,20,4
351.5,33.98886089137424,20,4
352,33.98910010125073,20,4
352.5,33.98933418840571,20,4
353,33.98956326703664,20,4
353.5,33.9897874494785,20,4
354,33.99000684629542,20,4
354.5,33.99022156637235,20,4
355,33.99043168478129,20,4
355.5,33.99063719948977,20,4
356,33.99083830245692,20,4
356.5,33.99103508880881,20,4
357,33.99122765180601,20,4
357.5,33.99141608291286,20,4
358,33.99160047186658,20,4
358.5,33.99178090674656,20,4
359,33.99195747404351,20,4
359.5,33.99213025872864,20,4
360,33.99229934432291,20,4
360.5,33.99246481296618,20,4
361,33.99262674548645,20,4
361.5,33.992785221469,20,4
362,33.99294022751583,20,4
362.5,33.99309189996618,20,4
363,33.99324031333427,20,4
363.5,33.99338553793343,20,4
364,33.99352764278898,20,4
364.5,33.99366669569413,20,4
365,33.99380276326593,20,4
365.5,33.99393591100119,20,4
366,33.99406620333239,20,4
366.5,33.99419370368364,20,4
367,33.99431847452657,20,4
367.5,33.99444057743624,20,4
368,33.99456007314717,20,4
368.5,33.99467696173463,20,4
369,33.994791314194,20,4
369.5,33.99490320627974,20,4
370,33.99501269138332,20,4
370.5,33.99511982197534,20,4
371,33.99522464964924,20,4
371.5,33.99532722516485,20,4
372,33.99542759849204,20,4
372.5,33.99552581885431,20,4
373,33.99562193477245,20,4
373.5,33.99571599410806,20,4
374,33.99580804410724,20,4
374.5,33.99589813144421,20,4
375,33.9959862666042,20,4
375.5,33.99607246789613,20,4
376,33.99615681436646,20,4
376.5,33.99623934647706,20,4
377,33.99632010398631,20,4
377.5,33.99639912598068,20,4
378,33.99647645090629,20,4
378.5,33.99655211660048,20,4
379,33.99662616032325,20,4
379.5,33.99669861878889,20,4
380,33.99676952819755,20,4
380.5,33.99683892426665,20,4
381,33.99690684226259,20,4
381.5,33.99697330572998,20,4
382,33.99703829929715,20,4
382.5,33.99710189601107,20,4
383,33.99716412627716,20,4
383.5,33.99722501993388,20,4
384,33.99728460627489,20,4
384.5,33.99734291407101,20,4
385,33.99739997159225,20,4
385.5,33.99745580662983,20,4
386,33.99751044651818,20,4
386.5,33.99756391815695,20,4
387,33.99761624803308,20,4
387.5,33.99766746224272,20,4
388,33.99771758651337,20,4
388.5,33.99776660792239,20,4
389,33.99781457423931,20,4
389.5,33.99786151079974,20,4
390,33.99790743990152,20,4
390.5,33.99795238341305,20,4
391,33.99799636278966,20,4
391.5,33.99803939908969,20,4
392,33.9980815129908,20,4
392.5,33.99812272480614,20,4
393,33.99816305450055,20,4
393.5,33.99820252170686,20,4
394,33.99824114574202,20,4
394.5,33.99827894562335,20,4
395,33.99831592476993,20,4
395.5,33.99835210320935,20,4
396,33.99838750455427,20,4
396.5,33.99842214555469,20,4
397,33.99845604264426,20,4
397.5,33.99848921195328,20,4
398,33.99852166932151,20,4
398.5,33.99855343031104,20,4
399,33.99858451021915,20,4
399.5,33.99861492409124,20,4
400,33.99864468673361,20,4
400.5,33.99867383257619,20,1
401,33.9987023543599,20,1
401.5,33.99873027272491,20,1
402,33.99875758912908,20,1
402.5,33.9987843138995,20,1
403,33.99873736706009,20,1
403.5,33.77301091021155,20,1
404,33.55208800706628,20,1
404.5,33.33591481429351,20,1
405,33.12439435949602,20,1
405.5,32.91742757210048,20,1
406,32.71491253127281,20,1
406.5,32.516754375096,20,1
407,32.32285829140329,20,1
407.5,32.13313189965121,20,1
408,31.94748345445829,20,1
408.5,31.76582830173968,20,1
409,31.58807898013652,20,1
409.5,31.4141517931625,20,1
410,31.2439653066428,20,1
410.5,31.07743761099008,20,1
411,30.91449204622534,20,1
411.5,30.75504915784567,20,1
412,30.59903502845076,20,1
412.5,30.44637496308191,20,1
413,30.29699643307923,20,1
413.5,30.15082943300769,20,1
414,30.00780499388426,20,1
414.5,29.86785585804091,20,1
415,29.73091615346468,20,1
415.5,29.59692102038864,20,1
416,29.46580816904503,20,1
416.5,29.3375165478587,20,1
417,29.21198377588205,20,1
417.5,29.08915136553818,20,1
418,28.96896194259054,20,1
418.5,28.85135839029204,20,1
419,28.73628355685915,20,1
419.5,28.62368373611323,20,1
420,28.51350560733515,20,1
420.5,28.40569627229331,20,1
421,28.30020468106869,20,1
421.5,28.19698085195712,20,1
422,28.09597594013537,20,1
422.5,27.99714231669985,20,1
423,27.90043342756591,20,1
423.5,27.80580391869292,20,1
424,27.7132083360101,20,1
424.5,27.62260343131835,20,1
425,27.53394686772988,20,1
425.5,27.44719730100924,20,1
426,27.36231272349009,20,1
426.5,27.27925303751223,20,1
427,27.19797975893406,20,1
427.5,27.11845490138069,20,1
428,27.04064032871739,20,1
428.5,26.96449855941026,20,1
429,26.8899944443284,20,1
429.5,26.8170930295209,20,1
430,26.7457597202707,20,1
430.5,26.67595980006435,20,1
431,26.60766103698912,20,1
431.5,26.54083132990696,20,1
432,26.47543920660091,20,1
432.5,26.41145264682371,20,1
433,26.34884212994424,20,1
433.5,26.28757823129727,20,1
434,26.22763225411104,20,1
434.5,26.16897474872215,20,1
435,26.11157858700438,20,1
435.5,26.0554168641024,20,1
436,26.00046328776525,20,1
436.5,25.94669135443292,20,1
437,25.89407564899336,20,1
437.5,25.84259150612314,20,1
438,25.79221461790642,20,1
438.5,25.7429211982644,20,1
439,25.69468796966639,20,1
439.5,25.64749214984095,20,1
440,25.60131143848712,20,1
440.5,25.5561240345885,20,1
441,25.51190861992414,20,1
441.5,25.46864424001075,20,1
442,25.42631041003326,20,1
442.5,25.38488706405635,20,1
443,25.3443545419734,20,1
443.5,25.30469357645529,20,1
444,25.26588527989931,20,1
444.5,25.22791113137804,20,1
445,25.19075485903143,20,1
445.5,25.15439778113869,20,1
446,25.11882265953479,20,1
446.5,25.08401262204166,20,1
447,25.04995113933421,20,1
447.5,25.01662201429263,20,1
448,24.98400937135451,20,1
448.5,24.95209764586707,20,1
449,24.92087250283678,20,1
449.5,24.89031927355054,20,1
450,24.86042299850928,20,1
450.5,24.83116947531802,20,1
451,24.80254478737571,20,1
451.5,24.77453529474472,20,1
452,24.74712762502039,20,1
452.5,24.72030876514078,20,1
453,24.69406762562411,20,1
453.5,24.66839074253046,20,1
454,24.64326598191566,20,1
454.5,24.61868146559246,20,1
455,24.59462556386554,20,1
455.5,24.57108688826656,20,1
456,24.54805428428924,20,1
456.5,24.52551704730711,20,1
457,24.50346463351902,20,1
457.5,24.4818864559983,20,1
458,24.46077229633535,20,1
458.5,24.44011214323173,20,1
459,24.41989618575835,20,1
459.5,24.40011480661346,20,1
460,24.38075857538077,20,1
460.5,24.36181913928172,20,1
461,24.34328704208794,20,1
461.5,24.32515349276379,20,1
462,24.30740989238404,20,1
462.5,24.29004781456737,20,1
463,24.2730589997967,20,1
463.5,24.25643534973937,20,1
464,24.24016922759407,20,1
464.5,24.22425322107289,20,1
465,24.20867949249282,20,1
465.5,24.19344065713684,20,1
466,24.17852947991063,20,1
466.5,24.1639388706236,20,1
467,24.14966187927003,20,1
467.5,24.13569169131008,20,1
468,24.12202224236498,20,1
468.5,24.10864679506009,20,1
469,24.0955589592364,20,1
469.5,24.08275253209418,20,1
470,24.07022143788295,20,1
470.5,24.05795972402674,20,1
471,24.04596155724925,20,1
471.5,24.03422136296474,20,1
472,24.02273381895506,20,1
472.5,24.01149329069159,20,1
473,24.00049445759293,20,1
473.5,23.9897321090135,20,1
474,23.97920114094272,20,1
474.5,23.96889655270441,20,1
475,23.95881344365598,20,1
475.5,23.94894729657294,20,1
476,23.93929336322387,20,1
476.5,23.92984702409862,20,1
477,23.92060380635709,20,1
477.5,23.91155932860421,20,1
478,23.9027092980317,20,1
478.5,23.89404950755954,20,1
479,23.88557590610626,20,1
479.5,23.87728468388479,20,1
480,23.86917176440944,20,1
480.5,23.86123330586802,20,1
481,23.8534655447967,20,1
481.5,23.84586479361989,20,1
482,23.8384274381903,20,1
482.5,23.8311499353289,20,1
483,23.82402902882595,20,1
483.5,23.81706132408537,20,1
484,23.81024345733885,20,1
484.5,23.80357219706484,20,1
485,23.79704437728576,20,1
485.5,23.79065689549414,20,1
486,23.78440671057875,20,1
486.5,23.77829088153045,20,1
487,23.7723067130193,20,1
487.5,23.76645123055196,20,1
488,23.76072166065808,20,1
488.5,23.75511528673853,20,1
489,23.74962944732999,20,1
489.5,23.74426153436968,20,1
490,23.73900899145995,20,1
490.5,23.7338694438234,20,1
491,23.72884047442241,20,1
491.5,23.72391964534733,20,1
492,23.71910462581254,20,1
492.5,23.71439313281568,20,1
493,23.7097829296729,20,1
493.5,23.70527182455416,20,1
494,23.70085768182854,20,1
494.5,23.69653855698834,20,1
495,23.69231231068134,20,1
495.5,23.68817694245206,20,1
496,23.6841304930323,20,1
496.5,23.68017104308924,20,1
497,23.67629671197372,20,1
497.5,23.67250565646825,20,1
498,23.66879614351992,20,1
498.5,23.66516644838568,20,1
499,23.66161480706758,20,1
499.5,23.65813953745429,20,1
500,23.65473899178301,20,1
500.5,23.6514115555677,20,1
501,23.64815564652735,20,1
501.5,23.64496971393628,20,1
502,23.64185237204618,20,1
502.5,23.63880206820265,20,1
503,23.63581735812814,20,1
503.5,23.63289682714486,20,1
504,23.6300390892642,20,1
504.5,23.62724278627608,20,1
505,23.62450658683824,20,1
505.5,23.62182923356949,20,1
506,23.61920949843337,20,1
506.5,23.61664609894044,20,1
507,23.61413782074918,20,1
507.5,23.61168347432511,20,1
508,23.60928189417217,20,1
508.5,23.60693193806413,20,1
509,23.60463248627602,20,1
509.5,23.60238253122583,20,1
510,23.60018096620498,20,1
510.5,23.59802674271302,20,1
511,23.59591883993661,20,1
511.5,23.59385625786834,20,1
512,23.59183801665745,20,1
512.5,23.58986315596051,20,1
513,23.58793076050555,20,1
513.5,23.58603995278204,20,1
514,23.5841898049933,20,1
514.5,23.58237944101154,20,1
515,23.58060800267627,20,1
515.5,23.57887464924274,20,1
516,23.57717855683035,20,1
516.5,23.57551891787109,20,1
517,23.57389499529226,20,1
517.5,23.5723060027298,20,1
518,23.57075117956358,20,1
518.5,23.5692297891777,20,1
519,23.56774110997187,20,1
519.5,23.56628443489128,20,1
520,23.56485907095665,20,1
520.5,23.56346435293733,20,1
521,23.56209965414348,20,1
521.5,23.56076430242876,20,1
522,23.55945766542238,20,1
522.5,23.55817912369881,20,1
523,23.55692807037799,20,1
523.5,23.5557039107255,20,1
524,23.55450606175276,20,1
524.5,23.55333398765979,20,1
525,23.55218712796077,20,1
525.5,23.55106493037748,20,1
526,23.54996686320029,20,1
526.5,23.54889240555305,20,1
527,23.54784104705421,20,1
527.5,23.54681228747797,20,1
528,23.54580564356538,20,1
528.5,23.54482066834692,20,1
529,23.54385687438569,20,1
529.5,23.54291380528341,20,1
530,23.54199101400199,20,1
530.5,23.54108806257666,20,1
531,23.54020452182911,20,1
531.5,23.53933997108061,20,1
532,23.53849402000442,20,1
532.5,23.53766626933486,20,1
533,23.53685631853157,20,1
533.5,23.53606378390939,20,1
534,23.53528828962147,20,1
534.5,23.53452946741598,20,1
535,23.53378695639283,20,1
535.5,23.53306040692035,20,1
536,23.53234951224508,20,1
536.5,23.53165391382463,20,1
537,23.53097328455366,20,1
537.5,23.53030730439794,20,1
538,23.52965566020541,20,1
538.5,23.52901804551736,20,1
539,23.52839416037946,20,1
539.5,23.52778371115285,20,1
540,23.52718641032536,20,1
540.5,23.52660197632246,20,1
541,23.52603013331849,20,1
541.5,23.52547061104767,20,1
542,23.52492314461528,20,1
542.5,23.5243874743087,20,1
543,23.52386334579634,20,1
543.5,23.5233505249055,20,1
544,23.52284875587037,20,1
544.5,23.52235779882671,20,1
545,23.52187741824712,20,1
545.5,23.52140738275633,20,1
546,23.52094746494666,20,1
546.5,23.52049744119334,20,1
547,23.52005709146998,20,1
547.5,23.51962619916384,20,1
548,23.51920455089134,20,1
548.5,23.51879193631335,20,1
549,23.51838814795063,20,1
549.5,23.51799298099919,20,1
550,23.51760623314571,20,1
550.5,23.51722770438284,20,1
551,23.51685764413795,20,1
551.5,23.51649557475841,20,1
552,23.51614129928608,20,1
552.5,23.51579464824402,20,1
553,23.5154554553687,20,1
553.5,23.51512355748938,20,1
554,23.51479879440755,20,1
554.5,23.51448100877634,20,1
555,23.51417004597992,20,1
555.5,23.51386575401295,20,1
556,23.51356798335993,20,1
556.5,23.51327658687469,20,1
557,23.51299141965971,20,1
557.5,23.51271233894564,20,1
558,23.51243920397063,20,1
558.5,23.5121720982672,20,1
559,23.51191076850766,20,1
559.5,23.51165505660274,20,1
560,23.51140483970251,20,1
560.5,23.5111599971659,20,1
561,23.51092041046553,20,1
561.5,23.5106859630927,20,1
562,23.51045654046225,20,1
562.5,23.51023202981758,20,1
563,23.51001232013549,20,1
563.5,23.50979730203116,20,1
564,23.50958686766307,20,1
564.5,23.50938091063791,20,1
565,23.50917932591552,20,1
565.5,23.50898200971383,20,1
566,23.50878907934676,20,1
566.5,23.50860035042345,20,1
567,23.50841567532355,20,1
567.5,23.50823496603578,20,1
568,23.50805813615184,20,1
568.5,23.50788510079619,20,1
569,23.50771577655594,20,1
569.5,23.50755008141062,20,1
570,23.50738793466207,20,1
570.5,23.50722925686421,20,1
571,23.50707396975288,20,1
571.5,23.50692199617571,20,1
572,23.50677326002191,20,1
572.5,23.50662768615208,20,1
573,23.50648520032811,20,1
573.5,23.50634585970102,20,1
574,23.50620956723447,20,1
574.5,23.50607620509572,20,1
575,23.50594570981431,20,1
575.5,23.50581801902388,20,1
576,23.50569307140888,20,1
576.5,23.5055708066512,20,1
577,23.50545116537688,20,1
577.5,23.50533408910279,20,1
578,23.5052195201833,20,1
578.5,23.50510740175698,20,1
579,23.50499767769325,20,1
579.5,23.50489029253912,20,1
580,23.5047851914658,20,1
580.5,23.50468232021542,20,1
581,23.5045817158299,20,1
581.5,23.50448333031169,20,1
582,23.50438706279213,20,1
582.5,23.50429286706339,20,1
583,23.50420069766699,20,1
583.5,23.50411050985409,20,1
584,23.50402225954571,20,1
584.5,23.50393590329304,20,1
585,23.50385139823767,20,1
585.5,23.50376870207186,20,1
586,23.50368777299882,20,1
586.5,23.50360856969293,20,1
587,23.50353105126008,20,1
587.5,23.50345517719783,20,1
588,23.50338090735577,20,1
588.5,23.50330827072168,20,1
589,23.50323725432269,20,1
589.5,23.50316776607614,20,1
590,23.50309977246321,20,1
590.5,23.50303324051683,20,1
591,23.50296813779413,20,1
591.5,23.50290443234891,20,1
592,23.50284209270406,20,1
592.5,23.50278108782407,20,1
593,23.50272138708743,20,1
593.5,23.50266296025913,20,1
594,23.50260577746307,20,1
594.5,23.50254980915456,20,1
595,23.50249502609274,20,1
595.5,23.50244139931304,20,1
596,23.50238894149356,20,1
596.5,23.50233765929018,20,1
597,23.50228747880914,20,1
597.5,23.5022383760134,20,1
598,23.50219032729596,20,1
598.5,23.50214330946127,20,1
599,23.50209729970656,20,1
599.5,23.50205227560333,20,1
600,23.50200821507869,20,1
